Date,Change_oil,Change_DAX,Change_gold,Change_Nikkei,Change_SP,Change_Shanghai,Change_USD_EUR,Change_USD_GBP,Change_USD_JPY
2012-01-04,1.40%,-0.89%,0.76%,1.24%,0.02%,-1.37%,0.82%,0.17%,-0.02%
2012-01-05,-0.84%,-0.25%,0.47%,-0.83%,0.29%,-0.97%,1.26%,0.84%,0.58%
2012-01-06,0.28%,-0.62%,-0.20%,-1.16%,-0.25%,0.70%,0.50%,0.39%,-0.27%
2012-01-10,0.74%,2.42%,1.46%,0.38%,0.89%,2.69%,-0.08%,-0.17%,-0.02%
2012-01-11,-0.92%,-0.17%,0.50%,0.30%,0.03%,-0.42%,0.55%,1.02%,0.02%
2012-01-12,-0.87%,0.44%,0.49%,-0.74%,0.23%,-0.05%,-0.94%,-0.11%,-0.10%
2012-01-13,-0.74%,-0.58%,-1.03%,1.36%,-0.49%,-1.34%,1.21%,0.11%,0.22%
2012-01-17,0.30%,1.82%,1.52%,1.05%,0.36%,4.18%,-0.57%,-0.06%,-0.01%
2012-01-18,-0.78%,0.34%,0.26%,0.99%,1.11%,-1.39%,-0.96%,-0.64%,-0.04%
2012-01-19,0.80%,0.97%,-0.33%,1.04%,0.49%,1.31%,-0.80%,-0.34%,0.37%
2012-01-20,-1.52%,-0.18%,0.58%,1.47%,0.07%,1.00%,0.23%,-0.56%,-0.07%
2012-01-30,-0.64%,-1.04%,-0.05%,-0.54%,-0.25%,-1.47%,0.69%,0.19%,-0.42%
2012-01-31,0.21%,0.22%,0.39%,0.11%,-0.05%,0.33%,0.46%,-0.33%,-0.13%
2012-02-01,0.52%,2.44%,0.54%,0.08%,0.89%,-1.07%,-0.61%,-0.49%,-0.10%
2012-02-02,0.46%,0.59%,0.56%,0.76%,0.11%,1.96%,0.09%,0.17%,-0.01%
2012-02-03,2.24%,1.67%,-1.08%,-0.51%,1.46%,0.77%,0.01%,-0.09%,0.55%
2012-02-06,1.18%,-0.03%,-0.87%,1.10%,-0.04%,0.03%,0.14%,-0.02%,-0.05%
2012-02-07,0.26%,-0.16%,1.37%,-0.13%,0.20%,-1.68%,-1.04%,-0.49%,0.27%
2012-02-08,0.83%,-0.08%,-0.98%,1.10%,0.22%,2.43%,0.04%,0.54%,0.39%
2012-02-09,1.19%,0.59%,0.56%,-0.15%,0.15%,0.09%,-0.21%,-0.02%,0.76%
2012-02-10,-1.08%,-1.41%,-0.90%,-0.61%,-0.69%,0.10%,0.80%,0.47%,-0.06%
2012-02-13,0.53%,0.68%,-0.02%,0.58%,0.68%,-0.01%,-0.09%,-0.16%,-0.12%
2012-02-14,0.20%,-0.15%,-0.41%,0.59%,-0.09%,-0.30%,0.57%,0.52%,1.15%
2012-02-15,0.65%,0.44%,0.61%,2.30%,-0.54%,0.94%,0.38%,-0.06%,0.12%
2012-02-16,0.99%,-0.09%,0.03%,-0.24%,1.10%,-0.42%,-0.51%,-0.66%,0.42%
2012-02-17,-0.44%,1.42%,-0.13%,1.58%,0.23%,0.01%,-0.13%,-0.22%,0.92%
2012-02-21,1.34%,-0.58%,1.89%,-0.23%,0.07%,0.75%,0.03%,0.41%,0.30%
2012-02-22,1.02%,-0.93%,0.73%,0.96%,-0.33%,0.93%,-0.05%,0.74%,0.52%
2012-02-23,0.59%,-0.50%,0.84%,0.44%,0.43%,0.25%,-0.98%,-0.50%,-0.41%
2012-02-24,1.50%,0.81%,-0.55%,0.54%,0.17%,1.25%,-0.62%,-0.88%,1.57%
2012-02-27,-1.04%,-0.22%,-0.08%,-0.14%,0.14%,0.30%,0.44%,0.41%,-0.90%
2012-02-28,-2.11%,0.56%,0.76%,0.92%,0.34%,0.20%,-0.48%,-0.52%,0.01%
2012-02-29,0.91%,-0.46%,-4.31%,0.01%,-0.47%,-0.95%,1.02%,-0.10%,1.00%
2012-03-01,2.89%,1.25%,0.66%,-0.16%,0.62%,-0.10%,0.11%,-0.21%,-0.24%
2012-03-02,-2.02%,-0.29%,-0.71%,0.72%,-0.32%,1.43%,0.88%,0.75%,0.88%
2012-03-05,0.12%,-0.79%,-0.34%,-0.80%,-0.39%,-0.64%,-0.13%,-0.17%,-0.33%
2012-03-06,-1.47%,-3.40%,-1.86%,-0.63%,-1.54%,-1.41%,0.79%,0.92%,-1.09%
2012-03-07,1.75%,0.57%,0.71%,-0.64%,0.69%,-0.65%,-0.31%,-0.19%,0.89%
2012-03-08,1.06%,2.45%,0.88%,2.01%,0.98%,1.06%,-0.91%,-0.52%,0.29%
2012-03-09,0.43%,0.67%,0.75%,1.65%,0.36%,0.79%,1.18%,0.98%,1.09%
2012-03-12,-0.51%,0.31%,-0.68%,-0.40%,0.02%,-0.19%,-0.26%,0.25%,-0.13%
2012-03-13,0.70%,1.37%,-0.32%,0.09%,1.81%,0.86%,0.54%,-0.47%,0.71%
2012-03-14,-0.99%,1.19%,-3.02%,1.53%,-0.12%,-2.63%,0.41%,0.22%,1.06%
2012-03-15,-1.14%,0.92%,1.01%,0.72%,0.60%,-0.73%,-0.42%,-0.24%,-0.40%
2012-03-16,1.83%,0.19%,-0.22%,0.06%,0.11%,1.30%,-0.68%,-0.85%,-0.07%
2012-03-19,-0.08%,-0.05%,0.69%,0.12%,0.40%,0.23%,-0.51%,-0.30%,-0.08%
2012-03-21,0.06%,0.23%,0.20%,-0.55%,-0.19%,0.06%,0.08%,-0.08%,-0.57%
2012-03-22,-0.85%,-1.27%,-0.47%,0.40%,-0.72%,-0.10%,0.12%,0.37%,-0.80%
2012-03-23,1.62%,0.21%,1.22%,-1.14%,0.31%,-1.10%,-0.58%,-0.33%,-0.22%
2012-03-26,0.42%,1.20%,1.40%,0.07%,1.39%,0.05%,-0.62%,-0.65%,0.81%
2012-03-27,-0.09%,-0.00%,-0.04%,2.36%,-0.28%,-0.15%,0.28%,0.13%,0.07%
2012-03-28,-1.10%,-1.13%,-1.60%,-0.71%,-0.49%,-2.65%,0.03%,0.41%,-0.28%
2012-03-29,-1.43%,-1.77%,-0.34%,-0.67%,-0.16%,-1.43%,0.12%,-0.43%,-0.66%
2012-03-30,0.40%,1.04%,1.03%,-0.31%,0.37%,0.47%,-0.33%,-0.37%,0.70%
2012-04-05,0.89%,-0.13%,1.00%,-0.53%,-0.06%,1.74%,0.58%,0.40%,-0.27%
2012-04-10,-2.27%,-2.49%,1.04%,-0.09%,-1.71%,0.88%,0.17%,0.22%,-1.18%
2012-04-11,0.25%,1.03%,-0.03%,-0.83%,0.74%,0.13%,-0.20%,-0.29%,0.40%
2012-04-12,1.27%,1.03%,1.24%,0.70%,1.38%,1.82%,-0.59%,-0.33%,-0.07%
2012-04-13,0.10%,-2.36%,-1.21%,1.19%,-1.25%,0.35%,0.84%,0.72%,-0.03%
2012-04-16,-2.59%,0.63%,-0.63%,-1.74%,-0.05%,-0.09%,-0.46%,-0.32%,-0.63%
2012-04-17,0.08%,2.65%,0.10%,-0.06%,1.55%,-0.94%,0.09%,-0.14%,0.82%
2012-04-18,-0.68%,-1.01%,-0.70%,2.14%,-0.41%,1.96%,0.03%,-0.64%,0.31%
2012-04-19,0.03%,-0.90%,0.11%,-0.82%,-0.59%,-0.09%,-0.13%,-0.21%,0.38%
2012-04-20,0.64%,1.18%,0.09%,-0.28%,0.12%,1.19%,-0.64%,-0.43%,-0.13%
2012-04-23,-0.04%,-3.36%,-0.62%,-0.20%,-0.84%,-0.76%,0.53%,0.00%,-0.53%
2012-04-24,-0.46%,1.03%,0.68%,-0.78%,0.37%,0.01%,-0.30%,-0.08%,0.38%
2012-04-25,0.81%,1.73%,-0.10%,0.98%,1.36%,0.75%,-0.22%,-0.19%,-0.10%
2012-04-26,0.67%,0.53%,1.11%,0.01%,0.67%,-0.09%,0.12%,-0.03%,-0.31%
2012-04-27,-0.08%,0.91%,0.27%,-0.43%,0.24%,-0.35%,-0.34%,-0.57%,-0.99%
2012-05-02,-1.22%,-0.75%,-0.50%,0.31%,-0.25%,1.76%,0.64%,0.15%,-0.11%
2012-05-07,-0.02%,0.12%,-0.37%,-2.78%,0.04%,-0.00%,0.22%,-0.23%,0.08%
2012-05-08,-0.38%,-1.90%,-2.11%,0.69%,-0.43%,-0.13%,0.39%,0.23%,-0.04%
2012-05-09,0.42%,0.47%,-0.64%,-1.49%,-0.67%,-1.65%,0.55%,0.15%,-0.30%
2012-05-10,-0.42%,0.66%,0.09%,-0.39%,0.25%,0.07%,-0.01%,-0.08%,0.35%
2012-05-11,-0.42%,0.95%,-0.72%,-0.63%,-0.34%,-0.63%,0.14%,0.45%,0.05%
2012-05-14,-0.61%,-1.94%,-1.45%,0.23%,-1.11%,-0.59%,0.70%,-0.13%,-0.08%
2012-05-15,0.60%,-0.79%,-0.24%,-0.81%,-0.57%,-0.25%,0.74%,0.60%,0.36%
2012-05-16,-0.47%,-0.26%,-1.32%,-1.12%,-0.44%,-1.21%,0.13%,0.51%,0.15%
2012-05-17,-3.78%,-1.18%,2.49%,0.86%,-1.51%,1.39%,0.17%,0.76%,-1.20%
2012-05-18,-0.33%,-0.60%,1.09%,-2.99%,-0.74%,-1.44%,-0.69%,-0.14%,-0.40%
2012-05-21,1.56%,0.95%,-0.20%,0.26%,1.60%,0.16%,-0.24%,-0.06%,0.35%
2012-05-22,-0.37%,1.65%,-0.76%,1.10%,0.05%,1.07%,1.06%,0.43%,0.84%
2012-05-23,-2.63%,-2.33%,-1.79%,-1.98%,0.17%,-0.42%,0.75%,0.44%,-0.64%
2012-05-24,0.94%,0.48%,0.59%,0.08%,0.14%,-0.53%,0.39%,0.13%,0.13%
2012-05-25,0.26%,0.38%,0.74%,0.20%,-0.22%,-0.74%,0.15%,0.06%,0.14%
2012-05-29,-0.40%,1.16%,-1.29%,0.74%,1.11%,1.20%,0.35%,0.27%,0.06%
2012-05-30,-3.01%,-1.81%,0.96%,-0.28%,-1.43%,-0.21%,1.04%,1.03%,-0.54%
2012-05-31,-1.55%,-0.26%,-0.05%,-1.05%,-0.23%,-0.52%,0.09%,0.50%,-0.92%
2012-06-01,-3.38%,-3.42%,3.71%,-1.20%,-2.46%,0.05%,-0.61%,0.26%,-0.43%
2012-06-04,0.43%,-1.19%,-0.51%,-1.71%,0.01%,-2.73%,-0.51%,-0.11%,0.41%
2012-06-05,-0.01%,-0.15%,0.19%,1.04%,0.57%,0.15%,0.36%,-0.02%,0.55%
2012-06-06,1.82%,2.09%,1.09%,1.81%,2.30%,-0.10%,-0.96%,-0.71%,0.58%
2012-06-07,-0.71%,0.82%,-2.83%,1.24%,-0.01%,-0.71%,0.10%,-0.22%,0.52%
2012-06-08,-0.46%,-0.22%,0.22%,-2.09%,0.81%,-0.51%,0.34%,0.33%,-0.19%
2012-06-11,-1.48%,0.17%,0.34%,1.96%,-1.26%,1.07%,0.35%,-0.03%,-0.09%
2012-06-12,-0.88%,0.33%,1.08%,-1.02%,1.17%,-0.70%,-0.30%,-0.62%,0.15%
2012-06-13,-0.01%,-0.14%,0.33%,0.60%,-0.70%,1.27%,-0.40%,0.44%,-0.16%
2012-06-14,-0.10%,-0.23%,0.02%,-0.22%,1.08%,-0.99%,-0.58%,-0.29%,-0.03%
2012-06-15,0.60%,1.48%,0.53%,0.01%,1.03%,0.47%,-0.03%,-1.04%,-0.84%
2012-06-18,-1.60%,0.30%,-0.08%,1.77%,0.14%,0.40%,0.47%,0.30%,0.51%
2012-06-19,-0.30%,1.84%,-0.22%,-0.75%,0.98%,-0.66%,-0.86%,-0.33%,-0.23%
2012-06-20,-3.21%,0.45%,-0.46%,1.11%,-0.17%,-0.34%,-0.14%,0.08%,0.73%
2012-06-21,-3.73%,-0.77%,-3.11%,0.82%,-2.23%,-1.40%,1.28%,0.75%,0.94%
2012-06-25,0.03%,-2.09%,1.37%,-0.72%,-1.60%,-1.63%,0.52%,0.11%,-0.93%
2012-06-26,2.21%,0.07%,-0.85%,-0.81%,0.48%,-0.09%,0.11%,-0.42%,-0.21%
2012-06-27,0.52%,1.50%,0.22%,0.77%,0.90%,-0.23%,0.16%,0.44%,0.26%
2012-06-28,-2.29%,-1.27%,-1.76%,1.65%,-0.21%,-0.95%,0.25%,0.34%,-0.33%
2012-06-29,7.05%,4.33%,3.47%,1.50%,2.49%,1.35%,-1.73%,-1.21%,0.45%
2012-07-02,-0.47%,1.24%,-0.39%,-0.04%,0.25%,0.03%,0.58%,0.08%,-0.39%
2012-07-03,3.43%,1.26%,1.51%,0.70%,0.62%,0.14%,-0.16%,0.05%,0.43%
2012-07-05,0.93%,-0.45%,-0.76%,-0.27%,-0.47%,-1.17%,1.05%,0.47%,0.06%
2012-07-06,-2.49%,-1.92%,-1.90%,-0.65%,-0.94%,1.01%,0.87%,0.22%,-0.28%
2012-07-09,2.17%,-0.35%,0.65%,-1.37%,-0.16%,-2.37%,-0.26%,-0.25%,-0.11%
2012-07-10,-2.34%,0.79%,-0.59%,-0.44%,-0.81%,-0.29%,0.58%,0.06%,-0.18%
2012-07-11,2.31%,0.24%,-0.26%,-0.08%,-0.00%,0.51%,0.09%,0.09%,0.39%
2012-07-12,0.84%,-0.53%,-0.65%,-1.48%,-0.50%,0.46%,0.32%,0.53%,-0.56%
2012-07-13,1.32%,2.15%,1.71%,0.05%,1.65%,0.02%,-0.43%,-0.97%,-0.10%
2012-07-17,0.43%,0.18%,-0.13%,0.35%,0.74%,0.62%,-0.17%,-0.11%,0.27%
2012-07-18,1.12%,1.62%,-1.18%,-0.32%,0.67%,0.37%,0.09%,-0.02%,-0.33%
2012-07-19,2.51%,1.11%,0.62%,0.79%,0.27%,0.73%,0.02%,-0.44%,-0.28%
2012-07-20,-0.90%,-1.90%,0.15%,-1.43%,-1.01%,-0.74%,1.01%,0.64%,-0.13%
2012-07-23,-3.34%,-3.18%,-0.34%,-1.86%,-0.89%,-1.26%,0.27%,0.72%,-0.13%
2012-07-24,0.15%,-0.45%,-0.07%,-0.24%,-0.90%,0.24%,0.50%,0.03%,-0.26%
2012-07-25,0.93%,0.25%,2.03%,-1.44%,-0.03%,-0.49%,-0.72%,0.06%,-0.03%
2012-07-26,0.84%,2.75%,0.44%,0.92%,1.65%,-0.48%,-1.06%,-1.24%,0.06%
2012-07-27,1.15%,1.62%,0.18%,1.46%,1.91%,0.13%,-0.33%,-0.38%,0.26%
2012-07-30,-0.25%,1.27%,0.11%,0.80%,-0.05%,-0.89%,0.51%,0.24%,-0.31%
2012-07-31,-1.21%,-0.03%,-0.57%,0.69%,-0.43%,-0.30%,-0.34%,0.24%,-0.06%
2012-08-01,0.99%,-0.26%,-0.42%,-0.61%,-0.30%,0.94%,0.62%,0.88%,0.40%
2012-08-02,-0.06%,-2.20%,-1.02%,0.13%,-0.74%,-0.57%,0.37%,0.14%,-0.27%
2012-08-03,2.87%,3.93%,1.17%,-1.13%,1.90%,1.02%,-1.66%,-0.82%,0.32%
2012-08-06,0.56%,0.77%,0.43%,2.00%,0.23%,1.04%,-0.09%,0.30%,-0.29%
2012-08-07,2.24%,0.71%,-0.20%,0.88%,0.51%,0.13%,0.02%,-0.14%,0.46%
2012-08-08,0.12%,-0.03%,0.20%,0.88%,0.06%,0.16%,0.29%,-0.22%,-0.24%
2012-08-09,0.96%,-0.02%,0.26%,1.10%,0.04%,0.61%,0.44%,0.09%,0.18%
2012-08-10,-0.24%,-0.29%,0.16%,-0.97%,0.22%,-0.24%,0.11%,-0.31%,-0.36%
2012-08-13,0.58%,-0.50%,-0.62%,-0.07%,-0.13%,-1.51%,-0.32%,0.05%,0.05%
2012-08-14,0.38%,0.94%,-0.63%,0.50%,-0.01%,0.30%,0.10%,0.03%,0.52%
2012-08-15,1.95%,-0.40%,0.27%,-0.05%,0.11%,-1.10%,0.26%,-0.03%,0.34%
2012-08-16,0.56%,0.71%,0.77%,1.88%,0.71%,-0.32%,-0.53%,-0.36%,0.43%
2012-08-17,-2.73%,0.64%,0.01%,0.77%,0.19%,0.13%,0.15%,0.27%,0.28%
2012-08-20,-0.01%,-0.10%,0.24%,0.09%,-0.00%,-0.37%,-0.11%,-0.11%,-0.18%
2012-08-21,0.83%,0.79%,1.22%,-0.16%,-0.35%,0.54%,-0.99%,-0.42%,-0.18%
2012-08-22,0.24%,-1.01%,-0.15%,-0.27%,0.02%,-0.50%,-0.42%,-0.62%,-0.88%
2012-08-23,0.09%,-0.97%,1.97%,0.51%,-0.81%,0.25%,-0.30%,0.11%,-0.13%
2012-08-24,-1.23%,0.31%,0.01%,-1.17%,0.65%,-0.99%,0.40%,0.33%,0.24%
2012-08-27,-1.17%,1.10%,0.16%,0.16%,-0.05%,-1.74%,0.13%,0.11%,0.10%
2012-08-28,0.29%,-0.64%,-0.35%,-0.57%,-0.08%,0.85%,-0.54%,-0.19%,-0.30%
2012-08-29,-0.04%,0.11%,-0.40%,0.40%,0.08%,-0.96%,0.28%,-0.06%,0.24%
2012-08-30,0.10%,-1.64%,-0.38%,-0.95%,-0.78%,-0.03%,0.18%,0.28%,-0.10%
2012-08-31,1.70%,1.09%,1.88%,-1.60%,0.51%,-0.25%,-0.58%,-0.52%,-0.29%
2012-09-04,-1.38%,-1.17%,0.49%,-0.10%,-0.12%,-0.75%,0.19%,0.08%,0.20%
2012-09-05,-0.95%,0.46%,-0.12%,-1.09%,-0.11%,-0.29%,-0.30%,-0.19%,-0.04%
2012-09-06,0.35%,2.91%,0.70%,0.01%,2.04%,0.70%,-0.24%,-0.17%,0.60%
2012-09-07,0.67%,0.66%,2.05%,2.20%,0.40%,3.70%,-1.44%,-0.46%,-0.75%
2012-09-10,0.49%,-0.01%,-0.51%,-0.03%,-0.61%,0.34%,0.50%,0.10%,0.01%
2012-09-11,0.51%,1.34%,0.18%,-0.70%,0.31%,-0.67%,-0.75%,-0.51%,-0.65%
2012-09-12,0.49%,0.46%,-0.07%,1.73%,0.21%,0.28%,-0.37%,-0.21%,0.10%
2012-09-13,0.81%,-0.45%,2.22%,0.39%,1.63%,-0.76%,-0.66%,-0.26%,-0.46%
2012-09-14,-0.21%,1.39%,0.04%,1.83%,0.40%,0.64%,-1.09%,-0.42%,1.16%
2012-09-18,-1.55%,-0.76%,0.04%,-0.39%,-0.13%,-0.91%,0.56%,0.06%,0.15%
2012-09-19,-3.43%,0.59%,0.03%,1.19%,0.12%,0.40%,-0.03%,0.10%,-0.56%
2012-09-20,1.70%,-0.02%,-0.07%,-1.57%,-0.05%,-2.08%,0.61%,0.06%,-0.17%
2012-09-21,1.26%,0.84%,0.44%,0.25%,-0.01%,0.09%,-0.08%,-0.11%,-0.10%
2012-09-24,-1.44%,-0.52%,-0.75%,-0.45%,-0.22%,0.32%,0.35%,0.03%,-0.40%
2012-09-25,0.58%,0.16%,0.10%,0.25%,-1.05%,-0.19%,0.25%,0.23%,-0.08%
2012-09-26,-0.37%,-2.00%,-0.75%,-2.03%,-0.57%,-1.24%,0.23%,0.18%,-0.06%
2012-09-27,1.79%,0.19%,1.54%,0.48%,0.96%,2.60%,-0.36%,-0.47%,-0.18%
2012-09-28,0.34%,-1.01%,-0.37%,-0.89%,-0.45%,1.45%,0.46%,0.44%,0.40%
2012-10-09,2.40%,-0.78%,-0.59%,-1.06%,-0.99%,1.97%,0.69%,0.14%,-0.10%
2012-10-10,-0.15%,-0.40%,0.01%,-1.98%,-0.62%,0.22%,0.09%,0.00%,-0.08%
2012-10-11,1.21%,1.06%,0.32%,-0.58%,0.02%,-0.81%,-0.49%,-0.30%,0.18%
2012-10-12,-0.94%,-0.68%,-0.61%,-0.15%,-0.30%,0.10%,-0.18%,-0.14%,0.14%
2012-10-15,1.03%,0.40%,-1.25%,0.51%,0.81%,-0.30%,0.05%,0.00%,0.25%
2012-10-16,-0.63%,1.58%,0.50%,1.44%,1.03%,0.01%,-1.02%,-0.32%,0.32%
2012-10-17,-1.61%,0.25%,0.39%,1.21%,0.41%,0.32%,-0.30%,-0.16%,0.06%
2012-10-18,-0.71%,0.58%,-0.47%,2.00%,-0.24%,1.24%,0.41%,0.66%,0.43%
2012-10-19,-2.03%,-0.76%,-1.18%,0.22%,-1.66%,-0.16%,0.31%,0.24%,0.05%
2012-10-22,-0.64%,-0.71%,0.13%,0.09%,0.04%,0.21%,-0.29%,-0.05%,0.78%
2012-10-23,-1.09%,-2.11%,-0.97%,0.04%,-1.44%,-0.86%,0.60%,0.37%,-0.10%
2012-10-24,-0.37%,0.27%,-0.46%,-0.67%,-0.31%,0.07%,0.13%,-0.53%,-0.06%
2012-10-25,0.59%,0.10%,0.68%,1.13%,0.30%,-0.68%,0.26%,-0.53%,0.61%
2012-10-26,0.98%,0.44%,-0.06%,-1.35%,-0.07%,-1.68%,-0.09%,0.10%,-0.81%
2012-10-31,-0.35%,-0.33%,0.41%,0.98%,0.02%,0.32%,0.03%,-0.34%,0.16%
2012-11-01,-0.49%,1.03%,-0.20%,0.21%,1.09%,1.72%,0.13%,0.00%,0.46%
2012-11-02,-2.30%,0.38%,-2.33%,1.17%,-0.94%,0.60%,0.83%,0.66%,0.41%
2012-11-05,1.94%,-0.51%,0.48%,-0.48%,0.22%,-0.14%,0.37%,0.30%,-0.22%
2012-11-06,3.10%,0.70%,1.90%,-0.36%,0.79%,-0.38%,-0.20%,-0.18%,0.09%
2012-11-07,-3.83%,-1.96%,-0.05%,-0.03%,-2.37%,-0.01%,0.35%,0.08%,-0.45%
2012-11-08,0.40%,-0.39%,0.71%,-1.51%,-1.22%,-1.63%,0.15%,0.05%,-0.66%
2012-11-09,2.00%,-0.58%,0.28%,-0.90%,0.17%,-0.12%,0.28%,0.53%,0.04%
2012-11-12,-0.30%,0.07%,0.00%,-0.93%,0.01%,0.49%,0.05%,0.11%,0.00%
2012-11-13,-0.74%,0.01%,-0.35%,-0.18%,-0.40%,-1.51%,0.05%,0.05%,-0.14%
2012-11-14,1.25%,-0.94%,0.31%,0.04%,-1.39%,0.37%,-0.27%,0.19%,1.08%
2012-11-15,1.25%,-0.82%,-0.94%,1.90%,-0.16%,-1.22%,-0.34%,-0.11%,1.13%
2012-11-16,-1.83%,-1.32%,0.06%,2.20%,0.48%,-0.77%,0.33%,-0.17%,0.17%
2012-11-19,2.52%,2.49%,1.15%,1.43%,1.99%,0.11%,-0.60%,-0.11%,0.15%
2012-11-20,-1.67%,0.69%,-0.62%,-0.12%,0.07%,-0.40%,-0.03%,-0.11%,0.31%
2012-11-21,0.94%,0.16%,0.27%,0.87%,0.23%,1.07%,-0.06%,-0.18%,1.05%
2012-11-26,-0.41%,-0.23%,-0.10%,0.24%,-0.20%,-0.49%,0.01%,0.02%,-0.42%
2012-11-27,-0.95%,0.55%,-0.42%,0.37%,-0.52%,-1.30%,0.26%,0.05%,0.09%
2012-11-28,-0.33%,0.15%,-1.48%,-1.22%,0.79%,-0.89%,-0.01%,0.02%,-0.09%
2012-11-29,1.14%,0.78%,0.62%,0.99%,0.43%,-0.51%,-0.27%,-0.13%,0.06%
2012-11-30,0.42%,0.06%,-0.94%,0.48%,0.02%,0.85%,-0.25%,0.08%,0.44%
2012-12-03,-0.28%,0.40%,0.51%,0.13%,-0.47%,-1.03%,-0.35%,-0.42%,-0.28%
2012-12-04,-0.97%,-0.00%,-1.47%,-0.27%,-0.17%,0.78%,-0.34%,-0.06%,-0.44%
2012-12-05,-0.94%,0.26%,-0.12%,0.39%,0.16%,2.87%,0.18%,0.06%,0.71%
2012-12-06,-1.64%,1.07%,0.47%,0.81%,0.33%,-0.13%,0.80%,0.24%,-0.07%
2012-12-07,-0.01%,-0.22%,0.22%,-0.19%,0.29%,1.60%,0.30%,0.08%,0.08%
2012-12-10,0.29%,0.17%,0.53%,0.07%,0.03%,1.07%,-0.12%,-0.22%,-0.15%
2012-12-11,0.63%,0.78%,-0.28%,-0.09%,0.65%,-0.44%,-0.45%,-0.21%,0.19%
2012-12-12,1.38%,0.33%,0.49%,0.59%,0.04%,0.39%,-0.48%,-0.21%,0.88%
2012-12-13,-1.45%,-0.43%,-1.22%,1.68%,-0.63%,-1.02%,-0.08%,0.21%,0.47%
2012-12-14,1.15%,0.19%,0.01%,-0.05%,-0.41%,4.32%,-0.63%,-0.32%,-0.19%
2012-12-17,-1.38%,0.11%,0.07%,0.94%,1.19%,0.45%,-0.03%,-0.26%,0.49%
2012-12-18,1.11%,0.64%,-1.62%,0.96%,1.15%,0.10%,-0.45%,-0.26%,0.37%
2012-12-19,1.40%,0.19%,-0.18%,2.39%,-0.76%,-0.01%,-0.12%,-0.03%,0.25%
2012-12-20,-0.14%,0.05%,-1.30%,-1.19%,0.55%,0.28%,-0.03%,-0.18%,-0.04%
2012-12-21,-1.12%,-0.47%,0.86%,-0.99%,-0.94%,-0.69%,0.42%,0.67%,-0.18%
2012-12-27,-0.24%,0.26%,0.17%,0.91%,-0.12%,-0.60%,-0.11%,0.18%,0.54%
2012-12-28,-0.16%,-0.57%,-0.46%,0.70%,-1.10%,1.24%,0.13%,-0.42%,-0.09%
2013-01-04,-0.74%,0.26%,-1.53%,2.82%,0.49%,0.35%,-0.14%,0.21%,1.05%
2013-01-07,0.08%,-0.56%,-0.16%,-0.83%,-0.31%,0.37%,-0.35%,-0.29%,-0.42%
2013-01-08,0.48%,-0.48%,0.97%,-0.86%,-0.32%,-0.41%,0.24%,0.37%,-0.83%
2013-01-09,-0.16%,0.32%,-0.40%,0.67%,0.27%,-0.03%,0.13%,0.18%,0.95%
2013-01-10,0.12%,-0.16%,1.36%,0.70%,0.76%,0.37%,-1.41%,-0.75%,1.02%
2013-01-11,-1.12%,0.09%,-1.03%,1.40%,-0.00%,-1.78%,-0.64%,0.15%,0.45%
2013-01-15,-1.41%,-0.69%,0.87%,0.72%,0.11%,0.60%,0.54%,0.06%,-0.76%
2013-01-16,0.28%,0.20%,-0.04%,-2.56%,0.02%,-0.70%,0.12%,0.40%,-0.45%
2013-01-17,0.44%,0.58%,0.46%,0.09%,0.56%,-1.06%,-0.64%,0.02%,1.69%
2013-01-18,0.71%,-0.43%,-0.22%,2.86%,0.34%,1.41%,0.45%,0.80%,0.22%
2013-01-22,0.64%,-0.68%,0.37%,-0.35%,0.44%,-0.56%,-0.05%,-0.05%,-1.00%
2013-01-23,0.34%,0.15%,-0.38%,-2.08%,0.15%,0.25%,-0.03%,-0.10%,-0.11%
2013-01-24,0.43%,0.53%,-1.00%,1.28%,0.00%,-0.79%,-0.40%,0.38%,1.94%
2013-01-25,0.00%,1.42%,-0.78%,2.88%,0.54%,-0.49%,-0.62%,-0.06%,0.65%
2013-01-28,0.18%,-0.32%,-0.24%,-0.94%,-0.18%,2.41%,0.01%,0.68%,-0.08%
2013-01-29,0.78%,0.20%,0.50%,0.39%,0.51%,0.53%,-0.27%,-0.44%,-0.13%
2013-01-30,0.47%,-0.47%,1.16%,2.28%,-0.39%,1.00%,-0.55%,-0.25%,0.39%
2013-01-31,0.57%,-0.45%,-1.15%,0.22%,-0.26%,0.12%,-0.09%,-0.36%,0.70%
2013-02-01,1.05%,0.74%,0.53%,0.47%,1.01%,1.41%,-0.52%,0.98%,1.09%
2013-02-04,-0.99%,-2.49%,0.35%,0.62%,-1.15%,0.38%,1.00%,-0.38%,-0.37%
2013-02-05,0.80%,0.35%,-0.17%,-1.90%,1.04%,0.21%,-0.46%,0.69%,1.35%
2013-02-06,0.18%,-1.09%,0.32%,3.77%,0.05%,0.06%,0.43%,-0.03%,0.01%
2013-02-07,0.44%,0.13%,-0.44%,-0.93%,-0.18%,-0.66%,0.91%,-0.30%,-0.01%
2013-02-08,1.42%,0.81%,-0.26%,-1.80%,0.57%,0.57%,0.24%,-0.57%,-1.00%
2013-02-19,0.12%,1.62%,-0.32%,-0.31%,0.73%,-1.60%,-0.28%,0.25%,-0.39%
2013-02-20,-1.63%,-0.30%,-1.62%,0.84%,-1.24%,0.60%,0.80%,1.23%,-0.02%
2013-02-21,-1.79%,-1.88%,0.04%,-1.39%,-0.63%,-2.97%,0.70%,-0.06%,-0.48%
2013-02-22,0.50%,1.03%,-0.37%,0.68%,0.88%,-0.51%,0.03%,0.02%,0.32%
2013-02-25,0.30%,1.45%,0.88%,2.43%,-1.83%,0.50%,0.91%,0.52%,-1.71%
2013-02-26,-1.51%,-2.27%,1.83%,-2.26%,0.61%,-1.40%,0.01%,0.24%,0.19%
2013-02-27,-0.75%,1.04%,-1.24%,-1.27%,1.27%,0.87%,-0.61%,-0.23%,0.27%
2013-02-28,-0.44%,0.86%,-1.10%,2.71%,-0.09%,2.26%,0.59%,-0.02%,0.36%
2013-03-01,-0.88%,-0.43%,-0.37%,0.41%,0.23%,-0.26%,0.35%,0.91%,1.11%
2013-03-04,-0.28%,-0.21%,0.01%,0.40%,0.46%,-3.65%,0.00%,-0.48%,-0.12%
2013-03-05,1.38%,2.32%,0.16%,0.27%,0.96%,2.33%,-0.17%,-0.14%,-0.20%
2013-03-06,-0.49%,0.62%,0.00%,2.13%,0.11%,0.90%,0.40%,0.62%,0.85%
2013-03-07,0.08%,0.26%,0.01%,0.30%,0.18%,-0.98%,-0.88%,0.12%,0.80%
2013-03-08,-0.27%,0.59%,0.11%,2.64%,0.45%,-0.24%,0.81%,0.63%,1.27%
2013-03-11,-0.57%,-0.03%,0.08%,0.53%,0.32%,-0.35%,-0.34%,0.04%,0.26%
2013-03-12,-0.52%,-0.23%,0.87%,-0.28%,-0.24%,-1.04%,0.10%,0.03%,-0.21%
2013-03-13,-1.03%,0.06%,-0.20%,-0.61%,0.13%,-0.99%,0.57%,-0.07%,0.03%
2013-03-14,0.83%,1.10%,0.14%,1.16%,0.56%,0.28%,-0.35%,-1.09%,0.00%
2013-03-15,0.37%,-0.19%,0.12%,1.45%,-0.16%,0.36%,-0.57%,-0.21%,-0.86%
2013-03-18,-0.28%,-0.40%,0.76%,-2.71%,-0.55%,-1.68%,0.97%,0.06%,-0.06%
2013-03-19,-1.88%,-0.79%,0.42%,2.03%,-0.24%,0.78%,0.62%,0.06%,-0.06%
2013-03-21,-1.15%,-0.87%,0.39%,1.34%,-0.83%,0.30%,0.25%,-0.48%,-1.19%
2013-03-22,0.18%,-0.27%,-0.47%,-2.35%,0.72%,0.17%,-0.66%,-0.39%,-0.39%
2013-03-25,0.47%,-0.51%,-0.10%,1.69%,-0.33%,-0.07%,1.03%,0.38%,-0.37%
2013-03-26,1.10%,0.11%,-0.55%,-0.60%,0.78%,-1.25%,-0.03%,0.11%,0.29%
2013-03-27,0.30%,-1.15%,0.65%,0.18%,-0.06%,0.16%,0.60%,0.18%,0.00%
2013-03-28,0.30%,0.08%,-0.71%,-1.26%,0.41%,-2.82%,-0.28%,-0.42%,-0.32%
2013-04-02,-0.35%,1.91%,-1.56%,-1.08%,0.52%,-0.30%,0.18%,0.81%,0.23%
2013-04-03,-3.23%,-0.87%,-1.42%,2.99%,-1.05%,-0.11%,-0.19%,-0.15%,-0.41%
2013-04-08,0.52%,0.05%,-0.22%,2.80%,0.63%,-0.62%,-0.21%,0.52%,1.88%
2013-04-09,1.50%,-0.33%,0.90%,-0.00%,0.35%,0.64%,-0.49%,-0.41%,-0.33%
2013-04-10,-0.41%,2.27%,-1.76%,0.73%,1.22%,0.02%,0.09%,-0.05%,0.76%
2013-04-11,-1.44%,0.78%,0.39%,1.96%,0.36%,-0.30%,-0.26%,-0.37%,-0.10%
2013-04-12,-1.11%,-1.61%,-4.05%,-0.47%,-0.28%,-0.58%,-0.03%,0.29%,-1.28%
2013-04-15,-2.64%,-0.41%,-9.35%,-1.55%,-2.30%,-1.13%,0.47%,0.32%,-1.65%
2013-04-16,-0.48%,-0.39%,1.93%,-0.41%,1.43%,0.59%,-1.00%,-0.49%,0.79%
2013-04-17,-2.22%,-2.34%,-0.33%,1.22%,-1.43%,-0.05%,1.11%,0.83%,0.58%
2013-04-18,1.47%,-0.39%,0.71%,-1.22%,-0.67%,0.17%,-0.12%,-0.27%,0.06%
2013-04-19,0.52%,-0.18%,0.24%,0.73%,0.88%,2.14%,-0.03%,0.34%,1.38%
2013-04-22,0.74%,0.24%,1.84%,1.89%,0.47%,-0.11%,-0.12%,-0.41%,-0.30%
2013-04-23,-0.08%,2.41%,-0.87%,-0.29%,1.04%,-2.57%,0.52%,0.35%,0.25%
2013-04-24,1.42%,1.32%,1.05%,2.32%,0.00%,1.55%,-0.13%,-0.18%,0.01%
2013-04-25,1.65%,0.95%,2.70%,0.60%,0.40%,-0.86%,0.03%,-1.07%,-0.23%
2013-04-26,-0.24%,-0.23%,-0.56%,-0.30%,-0.18%,-0.97%,-0.12%,-0.29%,-1.21%
2013-05-02,2.90%,0.61%,1.48%,-0.76%,0.94%,-0.17%,0.87%,0.12%,0.60%
2013-05-07,-1.01%,0.86%,-1.30%,3.55%,0.52%,0.20%,-0.03%,0.37%,-0.32%
2013-05-08,-0.06%,0.83%,1.72%,0.74%,0.41%,0.48%,-0.56%,-0.31%,-0.02%
2013-05-09,0.12%,0.16%,-0.35%,-0.66%,-0.37%,-0.59%,0.84%,0.53%,1.63%
2013-05-10,-0.54%,0.19%,-2.18%,2.93%,0.43%,0.62%,0.38%,0.57%,0.99%
2013-05-13,-1.05%,0.01%,-0.16%,1.20%,0.00%,-0.22%,0.14%,0.41%,0.22%
2013-05-14,-0.21%,0.72%,-0.68%,-0.16%,1.01%,-1.11%,0.43%,0.58%,0.52%
2013-05-15,1.05%,0.28%,-1.98%,2.29%,0.51%,0.35%,0.26%,-0.15%,-0.13%
2013-05-16,0.12%,0.09%,-0.67%,-0.39%,-0.50%,1.21%,0.03%,-0.23%,0.02%
2013-05-17,0.81%,0.34%,-1.60%,0.67%,1.03%,1.38%,0.35%,0.66%,0.94%
2013-05-20,0.15%,0.69%,1.42%,1.47%,-0.07%,0.75%,-0.35%,-0.56%,-0.91%
2013-05-21,-0.85%,0.19%,-0.47%,0.13%,0.17%,0.22%,-0.18%,0.67%,0.22%
2013-05-22,-1.26%,0.69%,-0.74%,1.60%,-0.83%,-0.12%,0.37%,0.70%,0.64%
2013-05-23,-0.16%,-2.10%,1.78%,-7.32%,-0.29%,-1.16%,-0.59%,-0.39%,-1.10%
2013-05-24,0.20%,-0.56%,-0.37%,0.89%,-0.06%,0.57%,0.03%,-0.12%,-0.73%
2013-05-28,1.57%,1.16%,-1.21%,1.20%,0.63%,1.23%,0.59%,0.39%,1.43%
2013-05-29,-1.73%,-1.70%,0.88%,0.10%,-0.70%,0.12%,-0.66%,-0.59%,-1.19%
2013-05-30,-0.23%,0.76%,1.45%,-5.15%,0.37%,-0.27%,-0.84%,-0.67%,-0.43%
2013-05-31,-1.76%,-0.61%,-1.34%,1.37%,-1.43%,-0.74%,0.39%,0.23%,-0.25%
2013-06-03,1.66%,-0.76%,1.37%,-3.72%,0.59%,-0.06%,-0.58%,-0.82%,-0.95%
2013-06-04,1.16%,0.12%,-1.03%,2.05%,-0.55%,-1.17%,-0.04%,0.08%,0.50%
2013-06-05,-0.19%,-1.20%,0.09%,-3.83%,-1.38%,-0.07%,-0.09%,-0.61%,-0.97%
2013-06-06,0.55%,-1.19%,1.24%,-0.85%,0.85%,-1.27%,-1.17%,-1.25%,-2.12%
2013-06-07,0.92%,1.92%,-2.31%,-0.21%,1.28%,-1.39%,0.17%,0.28%,0.61%
2013-06-13,0.73%,-0.59%,-1.02%,-6.35%,1.48%,-2.83%,-0.28%,-0.27%,-0.68%
2013-06-14,1.61%,0.40%,0.70%,1.94%,-0.59%,0.64%,0.20%,0.11%,-1.36%
2013-06-17,-0.43%,1.08%,-0.32%,2.73%,0.76%,-0.27%,-0.16%,-0.11%,0.46%
2013-06-18,0.52%,0.17%,-1.17%,-0.20%,0.78%,0.14%,-0.19%,0.49%,0.87%
2013-06-19,0.09%,-0.39%,0.51%,1.83%,-1.39%,-0.73%,0.74%,1.03%,1.20%
2013-06-20,-3.74%,-3.28%,-6.38%,-1.74%,-2.50%,-2.77%,0.57%,-0.15%,0.84%
2013-06-21,-1.21%,-1.76%,0.44%,1.66%,0.27%,-0.52%,0.75%,0.59%,0.64%
2013-06-24,0.25%,-1.24%,-1.15%,-1.26%,-1.21%,-5.30%,0.03%,-0.11%,-0.17%
2013-06-25,0.10%,1.55%,-0.16%,-0.72%,0.95%,-0.19%,0.28%,0.08%,0.08%
2013-06-26,0.40%,1.66%,-3.55%,-1.04%,0.96%,-0.41%,0.54%,0.71%,-0.06%
2013-06-27,1.14%,0.63%,-1.48%,2.96%,0.62%,-0.08%,-0.18%,0.35%,0.62%
2013-06-28,-0.64%,-0.39%,1.02%,3.51%,-0.43%,1.50%,0.21%,0.31%,0.79%
2013-07-01,0.82%,0.31%,2.62%,1.28%,0.54%,0.81%,-0.43%,-0.02%,0.53%
2013-07-02,0.97%,-0.92%,-0.98%,1.78%,-0.05%,0.57%,0.67%,0.41%,0.96%
2013-07-03,1.69%,-1.03%,0.68%,-0.31%,0.08%,-0.61%,-0.23%,-0.83%,-0.71%
2013-07-05,2.07%,-2.36%,-2.74%,2.08%,1.02%,0.05%,0.63%,1.22%,1.15%
2013-07-08,-0.27%,2.08%,1.81%,-1.40%,0.53%,-2.44%,-0.30%,-0.42%,-0.23%
2013-07-09,0.35%,1.12%,0.89%,2.58%,0.72%,0.37%,0.69%,0.57%,0.19%
2013-07-10,0.65%,0.11%,0.12%,-0.39%,0.02%,2.17%,-1.51%,-0.95%,-1.47%
2013-07-11,-0.72%,1.14%,2.62%,0.39%,1.36%,3.23%,-0.92%,-1.16%,-0.71%
2013-07-12,1.00%,0.66%,-0.18%,0.23%,0.31%,-1.62%,0.22%,0.52%,0.26%
2013-07-16,0.28%,-0.41%,0.55%,0.64%,-0.37%,0.31%,-0.74%,-0.41%,-0.77%
2013-07-17,-0.72%,0.65%,-1.00%,0.11%,0.28%,-1.01%,0.28%,-0.35%,0.49%
2013-07-18,0.08%,1.00%,0.52%,1.32%,0.50%,-1.05%,0.12%,-0.11%,0.84%
2013-07-19,-0.58%,-0.07%,0.68%,-1.48%,0.16%,-1.52%,-0.25%,-0.24%,0.23%
2013-07-22,0.07%,-0.01%,3.33%,0.47%,0.20%,0.61%,-0.32%,-0.60%,-0.97%
2013-07-23,0.25%,-0.20%,-0.10%,0.82%,-0.19%,1.95%,-0.30%,-0.08%,-0.24%
2013-07-24,-1.13%,0.78%,-1.15%,-0.32%,-0.38%,-0.52%,0.17%,0.35%,0.82%
2013-07-25,0.43%,-0.96%,0.70%,-1.14%,0.26%,-0.60%,-0.58%,-0.49%,-0.95%
2013-07-26,-0.45%,-0.65%,-0.55%,-2.97%,0.08%,-0.51%,-0.01%,0.06%,-1.03%
2013-07-29,0.26%,0.17%,0.51%,-3.32%,-0.37%,-1.72%,0.13%,0.28%,-0.34%
2013-07-30,-0.50%,0.15%,-0.33%,1.53%,0.04%,0.70%,0.00%,0.67%,0.08%
2013-07-31,0.74%,0.06%,-0.88%,-1.45%,-0.01%,0.19%,-0.29%,0.18%,-0.15%
2013-08-01,1.71%,1.63%,-0.11%,2.47%,1.25%,1.77%,0.70%,0.58%,1.71%
2013-08-02,-0.54%,-0.05%,-0.03%,3.29%,0.16%,0.02%,-0.55%,-1.09%,-0.58%
2013-08-05,-0.23%,-0.10%,-0.61%,-1.44%,-0.15%,1.04%,0.17%,-0.46%,-0.67%
2013-08-06,-0.48%,-1.17%,-1.49%,1.00%,-0.57%,0.49%,-0.36%,0.06%,-0.57%
2013-08-07,-0.68%,-0.47%,0.23%,-4.00%,-0.38%,-0.67%,-0.23%,-0.89%,-1.45%
2013-08-08,-0.71%,0.70%,1.91%,-1.59%,0.39%,-0.09%,-0.33%,-0.34%,0.42%
2013-08-09,1.44%,0.24%,0.17%,0.07%,-0.36%,0.36%,0.28%,0.26%,-0.53%
2013-08-12,0.69%,0.25%,1.66%,-0.70%,-0.12%,2.39%,0.33%,0.22%,0.72%
2013-08-13,0.78%,0.68%,-1.01%,2.57%,0.28%,0.23%,0.28%,0.11%,1.33%
2013-08-14,0.35%,0.27%,0.97%,1.32%,-0.52%,-0.29%,0.04%,-0.34%,-0.06%
2013-08-15,0.83%,-0.73%,2.07%,-2.12%,-1.43%,-0.87%,-0.68%,-0.90%,-0.78%
2013-08-16,-0.64%,0.19%,0.74%,-0.75%,-0.33%,-0.65%,0.13%,0.08%,0.16%
2013-08-19,-0.45%,-0.31%,-0.40%,0.79%,-0.59%,0.83%,-0.04%,-0.13%,0.03%
2013-08-20,0.23%,-0.79%,0.51%,-2.63%,0.38%,-0.62%,-0.61%,-0.11%,-0.29%
2013-08-21,-0.31%,-0.18%,-0.18%,0.21%,-0.58%,0.02%,0.46%,0.05%,0.40%
2013-08-22,0.08%,1.36%,0.04%,-0.44%,0.86%,-0.28%,0.00%,0.45%,1.09%
2013-08-23,1.04%,0.23%,1.79%,2.21%,0.39%,-0.47%,-0.20%,0.12%,0.02%
2013-08-26,-0.28%,0.22%,-0.19%,-0.18%,-0.40%,1.90%,0.11%,-0.05%,-0.24%
2013-08-27,3.28%,-2.28%,1.98%,-0.69%,-1.59%,0.34%,-0.17%,0.19%,-1.50%
2013-08-28,1.97%,-1.03%,-0.11%,-1.51%,0.27%,-0.11%,0.40%,0.14%,0.63%
2013-08-29,-1.24%,0.45%,-0.43%,0.91%,0.20%,-0.19%,0.73%,0.14%,0.73%
2013-08-30,-1.00%,-1.12%,-1.19%,-0.53%,-0.32%,0.05%,0.13%,-0.03%,-0.18%
2013-09-03,1.18%,-0.77%,1.31%,2.99%,0.42%,1.18%,0.16%,-0.08%,0.25%
2013-09-04,-0.67%,0.19%,-1.57%,0.54%,0.81%,0.21%,-0.29%,-0.44%,0.18%
2013-09-05,0.30%,0.48%,-1.21%,0.08%,0.12%,-0.24%,0.67%,0.23%,0.36%
2013-09-06,0.75%,0.49%,0.99%,-1.45%,0.01%,0.83%,-0.45%,-0.25%,-1.01%
2013-09-09,-2.07%,0.01%,0.01%,2.48%,1.00%,3.39%,-0.58%,-0.41%,0.47%
2013-09-10,-2.17%,2.06%,-1.64%,1.54%,0.73%,1.15%,-0.09%,-0.25%,0.83%
2013-09-11,0.22%,0.58%,-0.01%,0.01%,0.31%,0.15%,-0.33%,-0.53%,-0.53%
2013-09-12,1.01%,-0.02%,-2.46%,-0.26%,-0.34%,0.64%,0.09%,0.08%,-0.33%
2013-09-13,0.13%,0.18%,-1.65%,0.12%,0.27%,-0.86%,0.04%,-0.44%,-0.19%
2013-09-17,-1.71%,-0.19%,-0.64%,-0.65%,0.42%,-2.05%,-0.19%,-0.05%,0.04%
2013-09-18,2.23%,0.45%,-0.13%,1.35%,1.22%,0.29%,-1.20%,-1.51%,-1.19%
2013-09-24,0.44%,0.34%,-0.82%,-0.07%,-0.26%,-0.61%,0.15%,0.26%,-0.11%
2013-09-25,-0.29%,0.01%,1.51%,-0.76%,-0.27%,-0.41%,-0.39%,-0.48%,-0.29%
2013-09-26,0.82%,-0.02%,-0.92%,1.22%,0.35%,-1.94%,0.27%,0.24%,0.56%
2013-09-27,-0.53%,-0.03%,1.12%,-0.26%,-0.41%,0.20%,-0.23%,-0.61%,-0.74%
2013-09-30,-0.24%,-0.77%,-0.89%,-2.06%,-0.60%,0.68%,-0.04%,-0.29%,-0.03%
2013-10-08,0.44%,-0.42%,-0.05%,0.30%,-1.23%,1.08%,0.08%,0.08%,0.18%
2013-10-09,-1.00%,-0.46%,-1.31%,1.03%,0.06%,0.62%,0.34%,0.80%,0.47%
2013-10-10,2.51%,1.99%,-0.79%,1.12%,2.18%,-0.94%,0.05%,-0.06%,0.84%
2013-10-11,-0.47%,0.45%,-2.21%,1.48%,0.63%,1.70%,-0.16%,0.08%,0.43%
2013-10-15,-0.97%,0.92%,-0.27%,0.26%,-0.71%,-0.19%,0.27%,-0.08%,-0.42%
2013-10-16,0.82%,0.47%,0.71%,0.18%,1.38%,-1.81%,-0.07%,0.29%,0.61%
2013-10-17,-1.58%,-0.38%,3.17%,0.83%,0.67%,-0.21%,-1.04%,-1.31%,-0.87%
2013-10-18,0.76%,0.60%,-0.63%,-0.17%,0.65%,0.24%,-0.07%,-0.03%,-0.18%
2013-10-21,-0.27%,0.02%,0.10%,0.91%,0.01%,1.62%,0.01%,0.13%,0.47%
2013-10-22,0.30%,0.90%,2.04%,0.13%,0.57%,-0.83%,-0.71%,-0.55%,-0.05%
2013-10-23,-1.97%,-0.31%,-0.64%,-1.95%,-0.47%,-1.25%,0.03%,0.45%,-0.77%
2013-10-24,-0.75%,0.68%,1.22%,0.42%,0.33%,-0.86%,-0.15%,-0.24%,-0.10%
2013-10-25,-0.06%,0.06%,0.16%,-2.75%,0.44%,-1.45%,-0.04%,0.23%,0.14%
2013-10-28,2.51%,-0.08%,-0.03%,2.19%,0.13%,0.04%,0.15%,0.15%,0.27%
2013-10-29,-0.55%,0.48%,-0.50%,-0.49%,0.56%,-0.23%,0.28%,0.58%,0.52%
2013-10-30,0.78%,-0.13%,0.28%,1.23%,-0.49%,1.48%,0.07%,0.06%,0.33%
2013-10-31,-0.93%,0.26%,-1.88%,-1.20%,-0.38%,-0.87%,1.11%,-0.03%,-0.15%
2013-11-01,-2.69%,-0.29%,-0.79%,-0.88%,0.29%,0.37%,0.72%,0.74%,0.34%
2013-11-05,-0.85%,-0.31%,-0.50%,0.17%,-0.28%,0.35%,0.30%,-0.48%,-0.11%
2013-11-06,-0.09%,0.35%,0.74%,0.79%,0.43%,-0.82%,-0.28%,-0.22%,0.16%
2013-11-07,-1.69%,0.44%,-0.71%,-0.76%,-1.32%,-0.48%,0.70%,-0.10%,-0.58%
2013-11-08,1.60%,-0.03%,-1.83%,-1.00%,1.34%,-1.09%,0.36%,0.50%,1.01%
2013-11-11,1.22%,0.33%,-0.27%,1.30%,0.07%,0.16%,-0.25%,0.18%,0.08%
2013-11-12,-0.55%,-0.34%,-0.77%,2.23%,-0.24%,0.82%,-0.24%,0.54%,0.48%
2013-11-13,1.24%,-0.24%,-0.22%,-0.15%,0.81%,-1.83%,-0.38%,-0.95%,-0.39%
2013-11-14,1.33%,1.05%,1.41%,2.12%,0.48%,0.60%,0.20%,-0.06%,0.78%
2013-11-15,-0.04%,0.21%,0.09%,1.95%,0.42%,1.68%,-0.26%,-0.34%,0.17%
2013-11-18,-0.03%,0.62%,-1.17%,-0.01%,-0.37%,2.87%,-0.07%,0.08%,-0.19%
2013-11-19,-1.43%,-0.35%,0.09%,-0.25%,-0.20%,-0.19%,-0.26%,-0.08%,0.15%
2013-11-20,1.07%,0.10%,-1.22%,-0.33%,-0.36%,0.62%,0.74%,0.11%,-0.12%
2013-11-21,1.87%,-0.07%,-1.14%,1.92%,0.81%,-0.04%,-0.31%,-0.60%,1.13%
2013-11-22,0.88%,0.25%,0.04%,0.10%,0.50%,-0.43%,-0.57%,-0.16%,0.12%
2013-11-25,-0.05%,0.88%,-0.23%,1.54%,-0.13%,-0.47%,0.31%,0.44%,0.39%
2013-11-26,-0.11%,-0.11%,0.02%,-0.67%,0.01%,-0.14%,-0.41%,-0.37%,-0.37%
2013-11-27,0.39%,0.66%,-0.29%,-0.42%,0.25%,0.82%,-0.05%,-0.45%,0.86%
2013-11-29,-1.06%,0.19%,0.55%,-0.41%,-0.08%,0.05%,0.11%,-0.15%,0.12%
2013-12-02,1.60%,-0.04%,-2.26%,-0.04%,-0.27%,-0.59%,0.37%,0.07%,0.50%
2013-12-03,1.05%,-1.90%,-0.05%,0.60%,-0.32%,0.69%,-0.35%,-0.23%,-0.42%
2013-12-04,-0.66%,-0.90%,2.17%,-2.17%,-0.13%,1.31%,-0.03%,0.05%,-0.16%
2013-12-05,-0.80%,-0.61%,-1.20%,-1.50%,-0.43%,-0.21%,-0.54%,0.29%,-0.57%
2013-12-06,0.57%,0.96%,-0.24%,0.81%,1.12%,-0.44%,-0.27%,-0.08%,1.11%
2013-12-09,-1.99%,0.25%,0.41%,2.29%,0.18%,0.05%,-0.25%,-0.47%,0.36%
2013-12-10,-0.01%,-0.88%,2.19%,-0.25%,-0.32%,-0.03%,-0.16%,-0.11%,-0.43%
2013-12-11,0.29%,-0.41%,-0.31%,-0.62%,-1.13%,-1.49%,-0.18%,0.44%,-0.39%
2013-12-12,-0.94%,-0.66%,-2.58%,-1.12%,-0.38%,-0.06%,0.22%,0.15%,0.92%
2013-12-13,0.15%,-0.12%,0.79%,0.40%,-0.01%,-0.31%,0.08%,0.33%,-0.15%
2013-12-16,1.51%,1.74%,0.79%,-1.62%,0.63%,-1.60%,-0.12%,0.00%,-0.18%
2013-12-17,-1.84%,-0.86%,-1.15%,0.83%,-0.31%,-0.45%,-0.06%,0.21%,-0.35%
2013-12-18,1.10%,1.06%,0.40%,2.02%,1.66%,-0.13%,0.61%,-0.78%,1.57%
2013-12-19,0.60%,1.68%,-3.32%,1.74%,-0.06%,-0.95%,0.16%,0.10%,-0.03%
2013-12-20,1.34%,0.69%,0.85%,0.07%,0.48%,-2.02%,-0.05%,0.25%,-0.16%
2013-12-27,0.18%,1.06%,0.16%,0.03%,-0.03%,1.36%,-0.37%,-0.41%,0.34%
2013-12-30,-0.86%,-0.39%,-1.07%,0.69%,-0.02%,-0.18%,-0.45%,-0.13%,-0.01%
2014-01-06,-0.15%,-0.08%,-0.05%,-2.35%,-0.25%,-1.80%,-0.29%,0.08%,-0.61%
2014-01-07,0.58%,0.83%,-0.68%,-0.59%,0.61%,0.08%,0.10%,0.02%,0.38%
2014-01-08,-0.19%,-0.09%,-0.33%,1.94%,-0.02%,-0.15%,0.29%,-0.30%,0.23%
2014-01-09,-0.71%,-0.80%,0.33%,-1.50%,0.03%,-0.82%,-0.23%,-0.18%,-0.03%
2014-01-10,0.81%,0.55%,1.42%,0.20%,0.23%,-0.71%,-0.45%,-0.02%,-0.65%
2014-01-14,-0.34%,0.32%,-0.46%,-3.08%,1.08%,0.86%,-0.07%,-0.36%,1.18%
2014-01-15,0.70%,2.03%,-0.57%,2.50%,0.52%,-0.17%,0.55%,0.44%,0.33%
2014-01-16,-0.04%,-0.17%,0.15%,-0.39%,-0.13%,0.02%,-0.12%,0.10%,-0.19%
2014-01-17,-0.57%,0.26%,0.94%,-0.08%,-0.39%,-0.93%,0.60%,-0.43%,-0.05%
2014-01-21,0.36%,0.15%,-1.02%,0.99%,0.28%,0.86%,-0.08%,-0.28%,0.13%
2014-01-22,1.44%,-0.10%,-0.27%,0.16%,0.06%,2.16%,0.11%,-0.58%,0.19%
2014-01-23,-0.64%,-0.92%,1.90%,-0.79%,-0.89%,-0.47%,-1.08%,-0.40%,-1.20%
2014-01-24,0.28%,-2.48%,0.15%,-1.94%,-2.09%,0.60%,0.14%,0.95%,-0.94%
2014-01-27,-1.10%,-0.46%,-0.07%,-2.51%,-0.49%,-1.03%,0.04%,-0.61%,0.24%
2014-01-28,0.67%,0.62%,-1.00%,-0.17%,0.61%,0.26%,0.03%,0.02%,0.41%
2014-01-29,0.41%,-0.75%,0.90%,2.70%,-1.02%,0.56%,0.04%,0.12%,-0.65%
2014-01-30,0.09%,0.39%,-1.58%,-2.45%,1.13%,-0.82%,0.79%,0.46%,0.41%
2014-02-07,2.22%,0.49%,0.45%,2.17%,1.33%,0.56%,-0.33%,-0.55%,0.23%
2014-02-10,-0.86%,-0.13%,0.91%,1.77%,0.16%,2.03%,-0.08%,0.07%,-0.09%
2014-02-12,0.10%,0.65%,0.40%,0.56%,-0.03%,0.30%,0.33%,-0.87%,-0.11%
2014-02-13,-0.06%,0.60%,0.39%,-1.79%,0.58%,-0.55%,-0.64%,-0.40%,-0.35%
2014-02-14,0.32%,0.68%,1.43%,-1.53%,0.48%,0.83%,-0.07%,-0.52%,-0.36%
2014-02-18,1.17%,0.03%,-0.29%,3.13%,0.12%,-0.77%,-0.37%,0.18%,0.42%
2014-02-19,0.01%,0.00%,-0.31%,-0.52%,-0.65%,1.11%,0.18%,0.02%,-0.04%
2014-02-20,-0.15%,-0.43%,-0.27%,-2.15%,0.60%,-0.18%,0.11%,0.18%,-0.06%
2014-02-21,-0.41%,0.40%,0.52%,2.88%,-0.19%,-1.17%,-0.15%,0.20%,0.25%
2014-02-24,0.72%,0.54%,1.09%,-0.19%,0.62%,-1.75%,0.03%,-0.25%,-0.03%
2014-02-25,-1.02%,-0.10%,0.35%,1.44%,-0.13%,-2.05%,-0.07%,-0.13%,-0.26%
2014-02-26,0.01%,-0.39%,-1.10%,-0.54%,0.00%,0.35%,0.43%,0.05%,0.15%
2014-02-27,-0.51%,-0.76%,0.26%,-0.32%,0.49%,0.30%,-0.15%,-0.10%,-0.24%
2014-02-28,0.10%,1.08%,-0.77%,-0.55%,0.28%,0.44%,-0.69%,-0.33%,-0.31%
2014-03-03,1.95%,-3.44%,2.17%,-1.27%,-0.74%,0.92%,0.48%,0.47%,-0.35%
2014-03-04,-1.71%,2.46%,-0.91%,0.47%,1.53%,-0.18%,-0.05%,0.02%,0.75%
2014-03-05,-1.41%,-0.49%,0.18%,1.20%,-0.01%,-0.89%,0.08%,-0.35%,0.10%
2014-03-06,0.32%,0.01%,0.86%,1.59%,0.17%,0.32%,-0.92%,-0.10%,0.74%
2014-03-07,0.83%,-2.01%,-1.01%,0.92%,0.05%,-0.08%,-0.12%,0.13%,0.20%
2014-03-10,-0.84%,-0.91%,0.25%,-1.01%,-0.05%,-2.86%,0.01%,0.42%,-0.01%
2014-03-11,0.43%,0.46%,0.38%,0.69%,-0.51%,0.11%,0.12%,0.18%,-0.24%
2014-03-12,-0.49%,-1.28%,1.77%,-2.59%,0.03%,-0.17%,-0.33%,-0.02%,-0.24%
2014-03-13,-0.58%,-1.86%,0.14%,-0.10%,-1.17%,1.07%,0.25%,-0.03%,-0.90%
2014-03-14,1.10%,0.43%,0.50%,-3.30%,-0.28%,-0.73%,-0.32%,-0.12%,-0.47%
2014-03-17,-2.15%,1.37%,-0.44%,-0.35%,0.96%,0.96%,-0.06%,0.05%,0.40%
2014-03-18,0.52%,0.67%,-1.01%,0.94%,0.72%,0.08%,-0.08%,0.27%,-0.32%
2014-03-19,-0.88%,0.37%,-1.30%,0.36%,-0.61%,-0.17%,0.72%,0.30%,0.89%
2014-03-20,0.57%,0.21%,-0.81%,-1.65%,0.60%,-1.40%,0.40%,0.23%,0.06%
2014-03-24,-0.10%,-1.65%,-1.86%,1.77%,-0.49%,0.91%,-0.32%,-0.08%,-0.02%
2014-03-25,0.17%,1.63%,0.02%,-0.36%,0.44%,0.05%,0.08%,-0.18%,0.02%
2014-03-26,0.04%,1.18%,-0.61%,0.37%,-0.70%,-0.18%,0.32%,-0.35%,-0.22%
2014-03-27,0.75%,0.03%,-0.67%,1.01%,-0.19%,-0.83%,0.32%,-0.15%,0.12%
2014-03-28,0.22%,1.44%,-0.07%,0.50%,0.46%,-0.24%,-0.10%,-0.17%,0.63%
2014-03-31,-0.29%,-0.33%,-0.80%,0.90%,0.79%,-0.41%,-0.14%,-0.15%,0.40%
2014-04-01,-1.99%,0.50%,-0.30%,-0.24%,0.70%,0.70%,-0.15%,0.22%,0.41%
2014-04-02,-0.79%,0.20%,0.85%,1.04%,0.29%,0.56%,0.19%,0.02%,0.23%
2014-04-03,1.30%,0.06%,-0.47%,0.84%,-0.11%,-0.74%,0.34%,0.17%,0.04%
2014-04-04,0.54%,0.70%,1.46%,-0.05%,-1.25%,0.74%,0.12%,0.10%,-0.62%
2014-04-08,1.75%,-0.21%,0.82%,-1.36%,0.38%,1.92%,-0.41%,-0.83%,-1.26%
2014-04-09,0.29%,0.16%,-0.24%,-2.10%,1.09%,0.33%,-0.41%,-0.27%,0.17%
2014-04-10,-0.48%,-0.54%,1.12%,0.00%,-2.09%,1.38%,-0.25%,0.05%,-0.44%
2014-04-11,-0.12%,-1.47%,-0.11%,-2.38%,-0.95%,-0.18%,0.03%,0.32%,0.08%
2014-04-14,1.62%,0.26%,0.64%,-0.36%,0.82%,0.05%,0.47%,0.02%,0.23%
2014-04-15,-0.30%,-1.77%,-2.05%,0.62%,0.68%,-1.40%,0.04%,0.00%,0.09%
2014-04-16,0.79%,1.57%,0.24%,3.01%,1.05%,0.17%,-0.01%,-0.42%,0.29%
2014-04-17,-0.06%,0.99%,-0.74%,-0.00%,0.14%,-0.30%,0.00%,0.03%,0.16%
2014-04-22,-0.62%,2.02%,-0.57%,-0.85%,0.41%,0.34%,-0.08%,-0.18%,0.00%
2014-04-23,-0.15%,-0.58%,0.28%,1.09%,-0.22%,-0.26%,-0.08%,0.22%,-0.08%
2014-04-24,1.12%,0.05%,0.49%,-0.97%,0.17%,-0.50%,-0.12%,-0.13%,-0.21%
2014-04-25,-0.68%,-1.54%,0.79%,0.17%,-0.81%,-1.00%,0.00%,0.00%,-0.15%
2014-04-28,-1.33%,0.48%,-0.14%,-0.98%,0.32%,-1.62%,-0.12%,0.00%,0.32%
2014-04-30,-0.84%,0.20%,-0.03%,0.11%,0.30%,0.30%,-0.40%,-0.27%,-0.37%
2014-05-07,1.00%,0.57%,-1.51%,-2.93%,0.56%,-0.89%,0.11%,0.12%,0.23%
2014-05-08,-0.08%,0.90%,-0.09%,0.93%,-0.14%,0.26%,0.51%,0.14%,-0.26%
2014-05-09,-0.14%,-0.27%,-0.01%,0.25%,0.15%,-0.21%,0.60%,0.49%,0.20%
2014-05-12,0.48%,1.26%,0.64%,-0.35%,0.97%,2.08%,0.01%,-0.12%,0.26%
2014-05-13,0.77%,0.54%,-0.08%,1.95%,0.04%,-0.10%,0.39%,0.27%,0.14%
2014-05-14,0.87%,-0.00%,0.86%,-0.14%,-0.47%,-0.14%,-0.08%,0.34%,-0.36%
2014-05-15,0.23%,-1.01%,-0.93%,-0.75%,-0.94%,-1.12%,0.03%,-0.12%,-0.30%
2014-05-16,-0.62%,-0.28%,-0.02%,-1.41%,0.37%,0.08%,0.14%,-0.17%,-0.06%
2014-05-19,-0.35%,0.31%,0.03%,-0.64%,0.38%,-1.05%,-0.12%,0.02%,-0.01%
2014-05-20,0.29%,-0.21%,0.06%,0.49%,-0.65%,0.15%,0.05%,-0.15%,-0.18%
2014-05-21,0.78%,0.61%,-0.50%,-0.24%,0.81%,0.84%,0.12%,-0.37%,0.05%
2014-05-22,-0.17%,0.24%,0.54%,2.11%,0.24%,-0.18%,0.22%,0.17%,0.35%
2014-05-23,0.16%,0.48%,-0.25%,0.87%,0.42%,0.66%,0.16%,0.20%,0.24%
2014-05-27,-0.27%,0.49%,-2.10%,0.23%,0.60%,-0.34%,0.07%,0.19%,0.04%
2014-05-28,-0.19%,-0.02%,-0.48%,0.24%,-0.11%,0.77%,0.33%,0.61%,-0.15%
2014-05-29,0.15%,-0.00%,-0.24%,0.07%,0.54%,-0.47%,-0.10%,-0.03%,-0.04%
2014-05-30,-0.51%,0.04%,-0.85%,-0.34%,0.18%,-0.07%,-0.19%,-0.22%,-0.02%
2014-06-03,-0.01%,-0.31%,0.05%,0.66%,-0.04%,-0.04%,-0.22%,-0.02%,0.11%
2014-06-04,-0.39%,0.07%,-0.02%,0.22%,0.19%,-0.66%,0.20%,0.08%,0.24%
2014-06-05,0.36%,0.21%,0.72%,0.08%,0.65%,0.79%,-0.44%,-0.50%,-0.35%
2014-06-06,-0.17%,0.40%,-0.07%,-0.01%,0.46%,-0.54%,0.12%,0.10%,0.09%
2014-06-09,1.27%,0.21%,0.11%,0.31%,0.09%,0.03%,0.35%,0.00%,0.05%
2014-06-10,-0.43%,0.20%,0.50%,-0.85%,-0.02%,1.08%,0.34%,0.29%,-0.17%
2014-06-11,0.39%,-0.79%,0.08%,0.50%,-0.35%,0.12%,0.11%,-0.18%,-0.27%
2014-06-12,2.79%,-0.11%,1.02%,-0.64%,-0.71%,-0.16%,-0.14%,-0.84%,-0.35%
2014-06-13,0.35%,-0.26%,0.01%,0.83%,0.31%,0.93%,0.07%,-0.20%,0.34%
2014-06-16,-0.41%,-0.29%,0.09%,-1.09%,0.08%,0.74%,-0.23%,-0.12%,-0.23%
2014-06-17,0.45%,0.37%,-0.25%,0.29%,0.22%,-0.92%,0.20%,0.10%,0.29%
2014-06-18,0.71%,0.10%,0.06%,0.93%,0.77%,-0.54%,-0.35%,-0.15%,-0.22%
2014-06-19,0.70%,0.74%,3.25%,1.62%,0.13%,-1.55%,-0.10%,-0.29%,0.02%
2014-06-20,-0.22%,-0.17%,0.19%,-0.08%,0.17%,0.15%,0.05%,0.17%,0.14%
2014-06-23,-0.60%,-0.66%,0.14%,0.13%,-0.01%,-0.11%,-0.04%,-0.09%,-0.13%
2014-06-24,0.30%,0.17%,0.22%,0.05%,-0.64%,0.47%,0.00%,0.24%,0.02%
2014-06-25,-0.40%,-0.71%,0.10%,-0.71%,0.49%,-0.41%,-0.18%,0.02%,-0.09%
2014-06-26,-0.69%,-0.64%,-0.46%,0.27%,-0.12%,0.65%,0.14%,-0.25%,-0.15%
2014-06-27,0.08%,0.10%,0.22%,-1.39%,0.19%,-0.11%,-0.27%,-0.05%,-0.34%
2014-06-30,-0.83%,0.18%,0.21%,0.44%,-0.04%,0.58%,-0.31%,-0.41%,-0.05%
2014-07-01,-0.06%,0.71%,0.35%,1.08%,0.67%,0.10%,0.08%,-0.26%,0.20%
2014-07-02,-0.94%,0.09%,0.32%,0.29%,0.07%,0.44%,0.14%,-0.09%,0.26%
2014-07-03,-0.22%,1.19%,-0.77%,-0.14%,0.55%,0.19%,0.37%,0.05%,0.39%
2014-07-07,-0.36%,-1.03%,-0.36%,-0.37%,-0.39%,0.03%,-0.08%,0.19%,-0.27%
2014-07-08,-1.18%,-1.35%,-0.04%,-0.42%,-0.70%,0.20%,-0.05%,-0.02%,-0.26%
2014-07-09,-0.61%,0.36%,0.59%,-0.08%,0.46%,-1.23%,-0.23%,-0.15%,0.06%
2014-07-10,0.36%,-1.52%,1.13%,-0.56%,-0.41%,-0.01%,0.26%,0.15%,-0.30%
2014-07-11,-1.85%,0.07%,-0.13%,-0.34%,0.15%,0.42%,0.01%,0.03%,0.05%
2014-07-14,0.30%,1.21%,-2.30%,0.88%,0.48%,0.96%,-0.10%,0.26%,0.17%
2014-07-15,-0.90%,-0.65%,-0.72%,0.64%,-0.19%,0.18%,0.37%,-0.34%,0.14%
2014-07-16,-0.16%,1.44%,0.21%,-0.10%,0.42%,-0.15%,0.33%,0.03%,-0.01%
2014-07-17,1.93%,-1.07%,1.32%,-0.06%,-1.18%,-0.57%,-0.01%,0.21%,-0.50%
2014-07-18,-0.60%,-0.35%,-0.57%,-1.01%,1.03%,0.17%,0.03%,0.07%,0.16%
2014-07-22,-0.33%,1.27%,-0.58%,0.84%,0.50%,1.02%,0.45%,0.05%,0.07%
2014-07-23,0.65%,0.20%,-0.12%,-0.10%,0.18%,0.15%,0.00%,0.12%,0.01%
2014-07-24,-0.89%,0.42%,-1.07%,-0.29%,0.05%,1.28%,0.01%,0.34%,0.33%
2014-07-25,1.23%,-1.53%,0.97%,1.13%,-0.48%,1.02%,0.24%,0.07%,0.03%
2014-07-28,-0.76%,-0.48%,0.02%,0.46%,0.03%,2.41%,-0.08%,-0.05%,0.02%
2014-07-29,0.14%,0.58%,-0.38%,0.57%,-0.45%,0.24%,0.24%,0.22%,0.27%
2014-07-30,-1.12%,-0.62%,-0.26%,0.18%,0.01%,-0.09%,0.09%,0.20%,0.66%
2014-07-31,-0.46%,-1.94%,-1.05%,-0.16%,-2.00%,0.93%,0.05%,0.15%,0.00%
2014-08-01,-1.11%,-2.10%,0.96%,-0.63%,-0.29%,-0.74%,-0.31%,0.39%,-0.17%
2014-08-04,0.54%,-0.61%,-0.46%,-0.31%,0.72%,1.74%,0.05%,-0.25%,-0.04%
2014-08-05,-0.76%,0.39%,-0.29%,-1.00%,-0.97%,-0.15%,0.36%,-0.13%,0.00%
2014-08-06,-0.02%,-0.65%,1.77%,-1.05%,0.00%,-0.11%,-0.07%,0.20%,-0.47%
2014-08-07,0.81%,-1.00%,0.31%,0.48%,-0.56%,-1.34%,0.15%,0.12%,0.00%
2014-08-08,-0.40%,-0.33%,-0.14%,-2.98%,1.15%,0.31%,-0.35%,0.34%,-0.05%
2014-08-11,-0.32%,1.90%,-0.03%,2.38%,0.28%,1.38%,0.17%,-0.07%,0.13%
2014-08-12,-1.59%,-1.21%,0.02%,0.20%,-0.16%,-0.14%,0.13%,-0.15%,0.07%
2014-08-13,1.22%,1.43%,0.31%,0.35%,0.67%,0.06%,0.03%,0.76%,0.17%
2014-08-14,-2.18%,0.29%,0.08%,0.66%,0.43%,-0.74%,0.00%,0.00%,0.01%
2014-08-15,1.49%,-1.44%,-0.72%,0.02%,-0.01%,0.92%,-0.25%,-0.07%,-0.08%
2014-08-18,-1.86%,1.68%,-0.52%,0.03%,0.85%,0.57%,0.27%,-0.18%,0.21%
2014-08-19,-0.04%,0.96%,-0.20%,0.83%,0.50%,0.26%,0.33%,0.67%,0.33%
2014-08-20,0.71%,-0.21%,-0.13%,0.03%,0.25%,-0.23%,0.44%,0.13%,0.82%
2014-08-21,0.34%,0.93%,-1.52%,0.85%,0.29%,-0.44%,-0.16%,0.08%,0.08%
2014-08-22,-0.33%,-0.66%,0.38%,-0.30%,-0.20%,0.46%,0.29%,0.07%,0.11%
2014-08-25,0.35%,1.83%,-0.10%,0.48%,0.48%,-0.51%,0.38%,-0.07%,0.12%
2014-08-26,-0.15%,0.82%,0.51%,-0.59%,0.11%,-0.99%,0.17%,0.25%,0.01%
2014-08-27,0.21%,-0.19%,-0.15%,0.09%,0.00%,0.11%,-0.17%,-0.23%,-0.20%
2014-08-28,-0.25%,-1.12%,0.53%,-0.48%,-0.17%,-0.62%,0.08%,-0.05%,-0.13%
2014-08-29,0.71%,0.08%,-0.23%,-0.23%,0.33%,0.97%,0.37%,-0.07%,0.35%
2014-09-02,-2.38%,0.30%,-1.84%,1.24%,-0.05%,1.37%,-0.05%,0.83%,0.69%
2014-09-03,2.42%,1.26%,0.41%,0.38%,-0.08%,1.00%,-0.13%,0.07%,-0.26%
2014-09-04,-0.91%,1.02%,-0.30%,-0.33%,-0.15%,0.80%,1.59%,0.79%,0.44%
2014-09-05,-0.99%,0.23%,0.06%,-0.05%,0.50%,0.85%,-0.04%,0.03%,-0.16%
2014-09-09,-1.04%,-0.49%,-0.47%,0.28%,-0.65%,0.00%,-0.30%,0.00%,0.15%
2014-09-10,-1.13%,-0.11%,-0.26%,0.25%,0.36%,-0.35%,0.16%,-0.64%,0.61%
2014-09-11,0.04%,-0.09%,-0.49%,0.76%,0.09%,-0.29%,-0.08%,-0.28%,0.25%
2014-09-12,-0.99%,-0.41%,-0.61%,0.25%,-0.60%,0.88%,-0.30%,-0.08%,0.21%
2014-09-16,2.48%,-0.28%,0.13%,-0.23%,0.75%,-1.82%,-0.14%,-0.28%,-0.05%
2014-09-17,-0.08%,0.30%,-0.06%,-0.14%,0.13%,0.49%,0.73%,0.02%,1.19%
2014-09-18,-1.28%,1.41%,-0.70%,1.13%,0.49%,0.35%,-0.42%,-0.76%,0.30%
2014-09-19,0.71%,0.01%,-0.85%,1.58%,-0.05%,0.58%,0.71%,0.69%,0.31%
2014-09-22,-1.44%,-0.51%,0.12%,-0.71%,-0.80%,-1.70%,-0.15%,-0.44%,-0.19%
2014-09-24,0.10%,0.70%,-0.20%,-0.24%,0.78%,1.47%,0.51%,0.29%,0.13%
2014-09-25,0.05%,-1.57%,0.21%,1.28%,-1.62%,0.07%,0.24%,0.13%,-0.26%
2014-09-26,0.00%,-0.20%,-0.58%,-0.88%,0.86%,0.11%,0.52%,0.44%,0.49%
2014-09-29,0.21%,-0.71%,0.28%,0.50%,-0.25%,0.43%,-0.01%,0.03%,0.18%
2014-09-30,-2.60%,0.55%,-0.57%,-0.84%,-0.28%,0.26%,0.42%,0.18%,0.16%
2014-10-08,-0.79%,-1.00%,-0.53%,-1.19%,1.75%,0.80%,-0.51%,-0.45%,0.05%
2014-10-09,-1.46%,0.11%,1.60%,-0.75%,-2.07%,0.28%,0.34%,0.29%,-0.22%
2014-10-10,0.18%,-2.40%,-0.29%,-1.15%,-1.15%,-0.62%,0.49%,0.27%,-0.16%
2014-10-14,-4.33%,0.15%,0.35%,-2.38%,0.16%,-0.28%,0.74%,1.14%,0.19%
2014-10-15,-1.48%,-2.87%,0.85%,0.92%,-0.81%,0.60%,-1.39%,-0.73%,-1.06%
2014-10-16,0.82%,0.13%,-0.29%,-2.22%,0.01%,-0.72%,0.22%,-0.42%,0.39%
2014-10-17,2.00%,3.12%,-0.18%,-1.40%,1.29%,-0.65%,0.36%,-0.05%,0.52%
2014-10-20,-0.88%,-1.50%,0.46%,3.98%,0.91%,0.66%,-0.28%,-0.43%,0.07%
2014-10-21,0.96%,1.94%,0.56%,-2.03%,1.96%,-0.72%,0.65%,0.34%,0.05%
2014-10-22,-1.75%,0.60%,-0.50%,2.64%,-0.73%,-0.56%,0.52%,0.37%,0.13%
2014-10-23,2.50%,1.20%,-1.31%,-0.37%,1.23%,-1.04%,0.04%,0.13%,1.05%
2014-10-24,-0.81%,-0.66%,0.22%,1.01%,0.71%,-0.01%,-0.19%,-0.37%,-0.10%
2014-10-27,-0.35%,-0.95%,-0.17%,0.63%,-0.15%,-0.51%,-0.23%,-0.19%,-0.32%
2014-10-28,0.23%,1.86%,0.01%,-0.38%,1.19%,2.07%,-0.28%,-0.05%,0.32%
2014-10-29,1.27%,0.16%,-0.40%,1.46%,-0.14%,1.50%,0.80%,0.74%,0.67%
2014-10-30,-1.01%,0.35%,-2.14%,0.67%,0.62%,0.76%,0.16%,0.06%,0.29%
2014-10-31,-0.44%,2.33%,-2.25%,4.83%,1.17%,1.22%,0.69%,0.02%,2.86%
2014-11-04,-2.31%,-0.92%,-0.17%,2.73%,-0.28%,0.03%,-0.51%,-0.19%,-0.39%
2014-11-05,0.16%,1.63%,-1.88%,0.44%,0.57%,-0.47%,0.48%,0.16%,0.92%
2014-11-06,-0.11%,0.66%,-0.27%,-0.86%,0.38%,0.27%,0.90%,0.93%,0.50%
2014-11-07,0.64%,-0.91%,2.39%,0.52%,0.03%,-0.32%,-0.63%,-0.27%,-0.58%
2014-11-10,-1.26%,0.65%,-0.85%,-0.59%,0.31%,2.30%,0.26%,0.19%,0.28%
2014-11-11,-0.81%,0.18%,0.28%,2.05%,0.07%,-0.16%,-0.43%,-0.49%,0.80%
2014-11-12,-1.58%,-1.69%,-0.34%,0.43%,-0.07%,1.00%,0.29%,0.89%,-0.26%
2014-11-13,-3.06%,0.41%,0.19%,1.14%,0.05%,-0.36%,-0.30%,0.44%,0.23%
2014-11-14,1.91%,0.05%,2.06%,0.56%,0.02%,-0.27%,-0.37%,0.27%,0.46%
2014-11-17,-0.13%,0.58%,-0.17%,-2.96%,0.07%,-0.19%,0.59%,0.17%,0.32%
2014-11-18,-1.06%,1.61%,1.16%,2.18%,0.51%,-0.71%,-0.70%,0.06%,0.19%
2014-11-19,-0.47%,0.17%,-0.26%,-0.32%,-0.15%,-0.22%,-0.14%,-0.31%,0.95%
2014-11-20,1.57%,0.12%,-0.24%,0.07%,0.20%,0.07%,0.13%,-0.09%,0.20%
2014-11-21,1.30%,2.62%,0.57%,0.33%,0.52%,1.39%,1.20%,0.27%,-0.35%
2014-11-25,-1.69%,0.77%,0.13%,0.29%,-0.12%,1.37%,-0.26%,0.00%,-0.26%
2014-11-26,-0.74%,0.55%,-0.04%,-0.14%,0.28%,1.43%,-0.25%,-0.55%,-0.20%
2014-11-28,-3.35%,0.06%,-1.14%,1.23%,-0.25%,1.99%,0.11%,0.55%,0.80%
2014-12-01,3.41%,-0.17%,3.64%,0.75%,-0.68%,-0.10%,-0.15%,-0.52%,-0.21%
2014-12-02,-2.76%,-0.30%,-1.54%,0.42%,0.64%,3.11%,0.70%,0.60%,0.70%
2014-12-03,-0.88%,0.38%,0.78%,0.32%,0.38%,0.58%,0.59%,-0.31%,0.49%
2014-12-04,-0.40%,-1.21%,-0.08%,0.94%,-0.12%,4.31%,-0.55%,0.09%,-0.02%
2014-12-05,-0.82%,2.39%,-1.44%,0.19%,0.17%,1.32%,0.76%,0.56%,1.37%
2014-12-08,-4.17%,-0.72%,0.39%,0.08%,-0.73%,2.81%,-0.25%,-0.44%,-0.60%
2014-12-09,0.98%,-2.21%,3.08%,-0.68%,-0.02%,-5.43%,-0.47%,-0.13%,-0.83%
2014-12-10,-3.89%,0.06%,-0.21%,-2.25%,-1.64%,2.93%,-0.58%,-0.28%,-1.57%
2014-12-11,-0.87%,0.64%,-0.31%,-0.89%,0.45%,-0.49%,0.29%,-0.09%,0.73%
2014-12-12,-2.87%,-2.72%,-0.25%,0.66%,-1.62%,0.42%,-0.41%,0.06%,0.11%
2014-12-15,-1.28%,-2.72%,-1.21%,-1.57%,-0.63%,0.52%,0.20%,0.53%,-0.82%
2014-12-16,-1.97%,2.46%,-1.10%,-2.01%,-0.85%,2.31%,-0.58%,-0.70%,-1.21%
2014-12-17,2.21%,-0.20%,0.03%,0.38%,2.04%,1.31%,1.36%,1.12%,1.93%
2014-12-18,-3.12%,2.79%,0.03%,2.32%,2.40%,-0.11%,0.46%,-0.62%,0.14%
2014-12-19,3.56%,-0.25%,0.10%,2.39%,0.46%,1.67%,0.47%,0.25%,0.56%
2014-12-22,-2.07%,0.81%,-1.35%,0.08%,0.38%,0.61%,-0.01%,0.27%,0.47%
2014-12-29,-2.64%,0.05%,-1.14%,-0.50%,0.09%,0.33%,0.19%,0.28%,0.22%
2014-12-30,0.03%,-1.22%,1.57%,-1.57%,-0.49%,-0.07%,-0.05%,-0.29%,-0.99%
2015-01-05,-5.87%,-2.99%,1.51%,-0.24%,-1.83%,3.58%,0.58%,0.52%,-0.71%
2015-01-06,-3.78%,-0.04%,1.28%,-3.02%,-0.89%,0.03%,0.37%,0.64%,-1.03%
2015-01-07,0.10%,0.51%,-0.71%,0.01%,1.16%,0.67%,0.43%,0.27%,0.71%
2015-01-08,-0.37%,3.36%,-0.18%,1.67%,1.79%,-2.39%,0.39%,0.14%,0.34%
2015-01-09,-1.67%,-1.92%,0.63%,0.18%,-0.84%,-0.24%,-0.41%,-0.47%,-0.94%
2015-01-13,-1.77%,1.63%,0.13%,-0.64%,-0.26%,0.19%,0.52%,0.08%,-0.35%
2015-01-14,4.51%,-1.25%,0.01%,-1.71%,-0.58%,-0.40%,-0.15%,-0.47%,-0.51%
2015-01-15,-2.09%,2.20%,2.45%,1.86%,-0.92%,3.54%,1.37%,0.27%,-0.99%
2015-01-16,5.24%,1.35%,0.96%,-1.43%,1.34%,1.20%,0.52%,0.27%,1.27%
2015-01-20,-1.74%,0.14%,1.43%,2.07%,0.15%,1.82%,0.48%,-0.21%,1.05%
2015-01-21,2.17%,0.41%,-0.04%,-0.49%,0.47%,4.74%,-0.52%,0.00%,-0.72%
2015-01-22,-1.04%,1.32%,0.54%,0.28%,1.53%,0.59%,2.15%,0.89%,0.46%
2015-01-23,0.56%,2.05%,-0.62%,1.05%,-0.55%,0.25%,1.41%,0.14%,-0.60%
2015-01-26,-1.29%,1.40%,-1.02%,-0.25%,0.26%,0.94%,-0.27%,-0.60%,0.58%
2015-01-27,2.99%,-1.57%,0.96%,1.72%,-1.34%,-0.89%,-1.26%,-0.75%,-0.50%
2015-01-28,-2.28%,0.78%,-0.45%,0.15%,-1.35%,-1.41%,0.83%,0.40%,-0.27%
2015-01-29,1.36%,0.25%,-2.43%,-1.06%,0.95%,-1.31%,-0.28%,0.45%,0.63%
2015-01-30,7.86%,-0.41%,1.90%,0.39%,-1.30%,-1.59%,0.28%,-0.02%,-0.71%
2015-02-02,3.32%,1.25%,-0.18%,-0.66%,1.30%,-2.56%,-0.47%,0.20%,0.12%
2015-02-03,5.77%,0.58%,-1.29%,-1.27%,1.44%,2.45%,-1.21%,-0.84%,-0.02%
2015-02-04,-6.48%,0.19%,0.33%,1.98%,-0.42%,-0.96%,1.18%,-0.11%,-0.25%
2015-02-05,4.45%,-0.05%,-0.14%,-0.98%,1.03%,-1.18%,-1.12%,-0.94%,0.21%
2015-02-06,2.17%,-0.54%,-2.23%,0.82%,-0.34%,-1.93%,1.41%,0.54%,1.23%
2015-02-09,0.93%,-1.69%,0.56%,0.36%,-0.42%,0.62%,-0.07%,0.21%,-0.29%
2015-02-10,-3.27%,0.85%,-0.74%,-0.33%,1.07%,1.50%,0.02%,-0.26%,0.67%
2015-02-12,4.37%,1.56%,0.09%,1.85%,0.96%,0.50%,-0.60%,-0.94%,-1.13%
2015-02-13,7.84%,0.40%,0.52%,-0.37%,0.41%,0.96%,0.15%,-0.09%,-0.30%
2015-02-17,1.84%,-0.25%,-1.92%,-0.10%,0.16%,0.76%,-0.51%,0.06%,0.65%
2015-02-25,5.06%,0.04%,0.34%,-0.10%,-0.08%,-0.56%,-0.19%,-0.48%,-0.10%
2015-02-26,-2.56%,1.04%,0.72%,1.08%,-0.15%,2.15%,1.48%,0.79%,0.47%
2015-02-27,4.21%,0.66%,0.25%,0.06%,-0.30%,0.36%,0.01%,-0.18%,0.10%
2015-03-02,-4.86%,0.08%,-0.40%,0.15%,0.61%,0.78%,0.10%,0.46%,0.49%
2015-03-03,2.49%,-1.14%,-0.31%,-0.06%,-0.45%,-2.19%,0.07%,0.02%,-0.33%
2015-03-04,-0.77%,0.98%,-0.28%,-0.59%,-0.44%,0.51%,0.88%,0.65%,-0.04%
2015-03-05,-0.12%,1.00%,-0.39%,0.26%,0.12%,-0.95%,0.44%,0.15%,0.39%
2015-03-06,-1.24%,0.41%,-2.66%,1.17%,-1.42%,-0.22%,1.72%,1.34%,0.57%
2015-03-09,-2.01%,0.27%,0.20%,-0.95%,0.39%,1.89%,-0.09%,-0.60%,0.26%
2015-03-10,-3.66%,-0.71%,-0.54%,-0.67%,-1.70%,-0.49%,1.44%,0.38%,-0.02%
2015-03-11,2.04%,2.66%,-0.81%,0.31%,-0.19%,0.15%,1.44%,0.96%,0.26%
2015-03-12,-0.80%,-0.06%,0.12%,1.43%,1.26%,1.78%,-0.83%,0.31%,-0.12%
2015-03-13,-4.22%,0.87%,0.04%,1.39%,-0.61%,0.70%,1.33%,0.92%,0.07%
2015-03-16,-2.25%,2.24%,0.06%,-0.04%,1.35%,2.26%,-0.69%,-0.56%,-0.05%
2015-03-17,0.13%,-1.54%,-0.43%,0.99%,-0.33%,1.55%,-0.29%,0.56%,0.02%
2015-03-18,4.49%,-0.48%,0.27%,0.55%,1.22%,2.13%,-2.46%,-1.56%,-1.03%
2015-03-19,-2.65%,-0.20%,1.54%,-0.35%,-0.49%,0.14%,1.93%,1.54%,0.57%
2015-03-20,1.64%,1.18%,1.34%,0.43%,0.90%,0.98%,-1.49%,-1.34%,-0.64%
2015-03-23,1.08%,-1.19%,0.27%,0.99%,-0.17%,1.95%,-1.15%,0.00%,-0.25%
2015-03-24,-1.45%,0.92%,0.31%,-0.21%,-0.61%,0.10%,0.19%,0.67%,0.02%
2015-03-25,2.49%,-1.17%,0.47%,0.17%,-1.46%,-0.83%,-0.42%,-0.19%,-0.21%
2015-03-26,4.80%,-0.18%,0.65%,-1.39%,-0.24%,0.58%,0.81%,0.21%,-0.25%
2015-03-27,-4.70%,0.21%,-0.44%,-0.95%,0.24%,0.24%,-0.04%,-0.18%,-0.05%
2015-03-30,-0.21%,1.83%,-1.25%,0.65%,1.22%,2.59%,0.51%,0.45%,0.79%
2015-03-31,-2.10%,-0.99%,-0.14%,-1.05%,-0.88%,-1.02%,0.95%,-0.06%,0.05%
2015-04-01,3.61%,0.29%,2.11%,-0.90%,-0.40%,1.66%,-0.31%,-0.03%,-0.31%
2015-04-02,-3.77%,-0.28%,-0.60%,1.46%,0.35%,0.41%,-1.10%,-0.03%,-0.04%
2015-04-07,1.69%,1.30%,-0.66%,1.25%,-0.21%,2.52%,1.01%,0.49%,0.63%
2015-04-08,-6.01%,-0.72%,-0.62%,0.76%,0.27%,0.84%,0.32%,-0.40%,-0.12%
2015-04-09,1.84%,1.08%,-0.79%,0.75%,0.45%,-0.93%,1.14%,1.04%,0.37%
2015-04-10,2.30%,1.71%,0.92%,-0.15%,0.52%,1.94%,0.51%,0.57%,-0.31%
2015-04-13,0.10%,-0.29%,-0.44%,-0.01%,-0.46%,2.17%,0.35%,-0.31%,-0.07%
2015-04-14,0.86%,-0.90%,-0.54%,0.02%,0.16%,0.34%,-0.81%,-0.70%,-0.62%
2015-04-15,3.23%,0.03%,0.73%,-0.20%,0.51%,-1.24%,-0.30%,-0.41%,-0.20%
2015-04-16,6.07%,-1.90%,-0.29%,0.08%,-0.08%,2.71%,-0.69%,-0.64%,-0.12%
2015-04-17,-0.83%,-2.58%,0.41%,-1.17%,-1.13%,2.20%,-0.42%,-0.16%,-0.08%
2015-04-20,0.00%,1.74%,-0.78%,-0.09%,0.92%,-1.64%,0.62%,0.36%,0.24%
2015-04-21,-2.16%,0.40%,0.79%,1.40%,-0.15%,1.82%,0.04%,-0.12%,0.39%
2015-04-22,1.05%,-0.60%,-1.33%,1.13%,0.51%,2.44%,0.09%,-0.75%,0.21%
2015-04-23,3.38%,-1.21%,0.63%,0.27%,0.24%,0.36%,-0.92%,-0.14%,-0.28%
2015-04-24,0.66%,0.74%,-1.61%,-0.83%,0.23%,-0.47%,-0.44%,-0.86%,-0.50%
2015-04-27,-0.69%,1.93%,2.39%,-0.18%,-0.41%,3.04%,-0.13%,-0.33%,0.05%
2015-04-28,-0.29%,-1.89%,0.89%,0.38%,0.28%,-1.13%,-0.85%,-0.64%,-0.15%
2015-04-30,1.43%,0.19%,-2.26%,-2.69%,-1.01%,-0.78%,-0.82%,0.56%,0.27%
2015-05-07,-3.29%,0.51%,-0.66%,-1.23%,0.38%,-2.77%,0.77%,-0.02%,0.22%
2015-05-08,-0.23%,2.65%,0.57%,0.45%,1.35%,2.28%,0.55%,-1.36%,0.07%
2015-05-11,-0.73%,-0.31%,-0.50%,1.25%,-0.51%,3.04%,0.44%,-0.83%,0.23%
2015-05-12,3.00%,-1.72%,0.79%,0.02%,-0.29%,1.56%,-0.52%,-0.55%,-0.18%
2015-05-13,-0.07%,-1.05%,2.16%,0.71%,-0.03%,-0.58%,-1.26%,-0.47%,-0.58%
2015-05-14,-0.33%,1.84%,0.57%,-0.98%,1.08%,0.06%,-0.47%,-0.19%,0.01%
2015-05-15,0.33%,-0.98%,0.01%,0.83%,0.08%,-1.59%,-0.37%,0.33%,0.10%
2015-05-18,-0.81%,1.29%,0.19%,0.80%,0.30%,-0.58%,1.21%,0.46%,0.59%
2015-05-19,-3.40%,2.23%,-1.70%,0.68%,-0.06%,3.13%,1.48%,0.92%,0.58%
2015-05-20,1.58%,-0.04%,0.17%,0.85%,-0.09%,0.65%,0.50%,-0.19%,0.56%
2015-05-21,2.32%,0.14%,-0.37%,0.03%,0.23%,1.87%,-0.17%,-0.79%,-0.26%
2015-05-22,-1.76%,-0.42%,-0.01%,0.30%,-0.22%,2.83%,0.87%,1.11%,0.42%
2015-05-26,-2.75%,-1.61%,-1.67%,0.12%,-1.03%,2.02%,0.96%,0.56%,1.28%
2015-05-27,-2.61%,1.26%,-0.11%,0.17%,0.92%,0.63%,-0.28%,0.18%,0.45%
2015-05-28,0.84%,-0.79%,0.19%,0.39%,-0.13%,-6.50%,-0.40%,0.26%,0.23%
2015-05-29,4.76%,-2.26%,0.11%,0.06%,-0.63%,-0.18%,-0.35%,0.17%,0.15%
2015-06-01,-1.04%,0.19%,-0.09%,0.03%,0.21%,4.71%,0.55%,0.60%,0.52%
2015-06-02,0.94%,-0.94%,0.49%,-0.13%,-0.10%,1.69%,-2.03%,-0.94%,-0.54%
2015-06-03,-2.58%,0.80%,-0.79%,-0.34%,0.21%,-0.01%,-1.05%,0.02%,0.11%
2015-06-04,-2.77%,-0.69%,-0.83%,0.07%,-0.86%,0.76%,0.30%,-0.15%,0.10%
2015-06-05,2.06%,-1.26%,-0.60%,-0.13%,-0.14%,1.54%,1.14%,0.63%,1.00%
2015-06-08,-0.98%,-1.18%,0.46%,-0.02%,-0.65%,2.17%,-1.58%,-0.53%,-0.91%
2015-06-09,3.49%,-0.58%,0.35%,-1.76%,0.04%,-0.36%,0.06%,-0.21%,-0.11%
2015-06-10,1.26%,2.40%,0.75%,-0.25%,1.20%,-0.15%,-0.37%,-0.94%,-1.34%
2015-06-11,-0.90%,0.60%,-0.52%,1.68%,0.17%,0.30%,0.60%,0.08%,0.61%
2015-06-12,-1.90%,-1.20%,-0.09%,0.12%,-0.70%,0.87%,-0.10%,-0.25%,-0.02%
2015-06-15,-1.97%,-1.89%,0.55%,-0.09%,-0.46%,-2.00%,-0.12%,-0.28%,0.02%
2015-06-16,1.74%,0.54%,-0.40%,-0.64%,0.57%,-3.47%,0.33%,-0.31%,-0.05%
2015-06-17,0.27%,-0.60%,-0.35%,-0.19%,0.20%,1.65%,-0.79%,-1.14%,0.06%
2015-06-18,0.61%,1.11%,2.13%,-1.13%,0.99%,-3.67%,-0.22%,-0.32%,-0.38%
2015-06-19,-1.93%,-0.54%,0.00%,0.92%,-0.53%,-6.42%,0.07%,-0.02%,-0.24%
2015-06-23,1.75%,0.72%,-0.63%,1.87%,0.06%,2.19%,1.52%,0.60%,0.46%
2015-06-24,-1.49%,-0.62%,-0.31%,0.28%,-0.74%,2.48%,-0.31%,0.16%,-0.08%
2015-06-25,-0.46%,0.02%,-0.09%,-0.46%,-0.30%,-3.46%,0.01%,-0.25%,-0.19%
2015-06-26,0.09%,0.17%,0.12%,-0.31%,-0.04%,-7.40%,0.35%,-0.03%,0.19%
2015-06-29,-1.98%,-3.56%,0.48%,-2.88%,-2.09%,-3.34%,-0.63%,0.06%,-1.07%
2015-06-30,2.55%,-1.25%,-0.59%,0.63%,0.27%,5.53%,0.89%,0.19%,-0.03%
2015-07-01,-2.48%,2.15%,-0.21%,0.46%,0.69%,-5.23%,0.76%,0.60%,0.55%
2015-07-02,0.10%,-0.73%,-0.51%,0.95%,-0.03%,-3.48%,-0.28%,0.05%,-0.09%
2015-07-06,-6.27%,-1.52%,0.44%,-2.08%,-0.39%,2.41%,0.51%,-0.23%,-0.19%
2015-07-07,0.55%,-1.96%,-1.75%,1.31%,0.61%,-1.29%,0.41%,0.95%,-0.02%
2015-07-08,0.35%,0.66%,0.95%,-3.14%,-1.67%,-5.90%,-0.61%,0.63%,-1.51%
2015-07-09,2.73%,2.32%,-0.37%,0.60%,0.23%,5.76%,0.37%,-0.11%,0.53%
2015-07-10,0.20%,2.90%,-0.11%,-0.38%,1.23%,4.54%,-1.13%,-0.94%,1.16%
2015-07-13,-1.50%,1.49%,-0.22%,1.57%,1.11%,2.39%,1.46%,0.23%,0.56%
2015-07-14,1.14%,0.28%,-0.16%,1.47%,0.45%,-1.16%,-0.08%,-0.93%,-0.05%
2015-07-15,-2.50%,0.20%,-0.53%,0.38%,-0.07%,-3.03%,0.57%,-0.02%,0.32%
2015-07-16,0.81%,1.53%,-0.30%,0.67%,0.80%,0.46%,0.68%,0.17%,0.31%
2015-07-17,-0.71%,-0.37%,-1.05%,0.25%,0.11%,3.51%,0.42%,0.00%,-0.06%
2015-07-21,0.69%,-1.12%,-0.30%,0.93%,-0.43%,0.64%,-1.01%,0.06%,-0.31%
2015-07-22,-1.60%,-0.72%,-1.09%,-1.19%,-0.24%,0.21%,0.03%,-0.37%,0.06%
2015-07-23,-1.53%,-0.07%,0.24%,0.44%,-0.57%,2.43%,-0.45%,0.66%,-0.04%
2015-07-24,-1.18%,-1.43%,-0.77%,-0.67%,-1.07%,-1.29%,-0.01%,0.00%,-0.08%
2015-07-27,-2.11%,-2.56%,1.00%,-0.95%,-0.58%,-8.48%,-0.99%,-0.29%,-0.46%
2015-07-28,-0.32%,1.06%,-0.02%,-0.10%,1.24%,-1.68%,0.31%,-0.34%,0.25%
2015-07-29,0.15%,0.34%,-0.33%,-0.13%,0.73%,3.44%,0.67%,0.05%,0.31%
2015-07-30,-0.13%,0.40%,-0.39%,1.08%,0.00%,-2.20%,0.47%,0.03%,0.16%
2015-07-31,-2.06%,0.46%,0.60%,0.30%,-0.23%,-1.13%,-0.49%,-0.14%,-0.16%
2015-08-03,-5.15%,1.19%,-0.50%,-0.18%,-0.28%,-1.11%,0.34%,0.23%,0.07%
2015-08-04,0.95%,0.11%,0.12%,-0.14%,-0.22%,3.69%,0.62%,0.14%,0.29%
2015-08-05,-0.80%,1.57%,-0.46%,0.46%,0.31%,-1.65%,-0.22%,-0.25%,0.41%
2015-08-06,-0.14%,-0.44%,0.41%,0.24%,-0.78%,-0.89%,-0.17%,0.58%,-0.13%
2015-08-07,-1.84%,-0.81%,0.36%,0.29%,-0.29%,2.26%,-0.39%,0.11%,-0.42%
2015-08-10,3.70%,0.99%,0.92%,0.41%,1.28%,4.92%,-0.47%,-0.62%,0.33%
2015-08-11,-2.44%,-2.68%,0.31%,-0.42%,-0.96%,-0.01%,-0.18%,0.12%,0.40%
2015-08-12,0.98%,-3.27%,1.41%,-1.58%,0.10%,-1.06%,-1.05%,-0.26%,-0.74%
2015-08-13,-0.89%,0.82%,-0.67%,0.99%,-0.13%,1.76%,0.08%,0.03%,0.17%
2015-08-14,-0.39%,-0.27%,-0.25%,-0.37%,0.39%,0.27%,0.37%,-0.22%,-0.09%
2015-08-17,-0.59%,-0.41%,0.51%,0.49%,0.52%,0.71%,0.26%,0.38%,0.06%
2015-08-18,0.14%,-0.22%,-0.13%,-0.32%,-0.26%,-6.15%,0.52%,-0.48%,0.02%
2015-08-19,-3.38%,-2.14%,0.98%,-1.61%,-0.83%,1.23%,-0.88%,-0.11%,-0.48%
2015-08-20,-1.15%,-2.34%,2.21%,-0.94%,-2.11%,-3.42%,-1.09%,-0.06%,-0.32%
2015-08-21,-2.49%,-2.95%,0.57%,-2.98%,-3.19%,-4.27%,-1.29%,-0.05%,-1.12%
2015-08-24,-6.09%,-4.70%,-0.53%,-4.61%,-3.94%,-8.49%,-1.99%,-0.49%,-2.96%
2015-08-25,1.22%,4.97%,-1.32%,-3.96%,-1.35%,-7.63%,0.89%,0.54%,0.39%
2015-08-26,-0.16%,-1.29%,-1.19%,3.20%,3.90%,-1.27%,1.80%,1.49%,0.87%
2015-08-27,10.25%,3.18%,-0.20%,1.08%,2.43%,5.34%,0.61%,0.37%,0.93%
2015-08-28,5.24%,-0.17%,0.95%,3.03%,0.06%,4.82%,0.60%,0.06%,0.57%
2015-08-31,8.19%,-0.38%,-0.13%,-1.28%,-0.84%,-0.82%,-0.31%,0.32%,-0.41%
2015-09-01,-8.48%,-2.38%,0.63%,-3.84%,-2.96%,-1.23%,-0.89%,0.25%,-1.52%
2015-09-02,1.90%,0.32%,-0.54%,-0.39%,1.83%,-0.20%,0.78%,0.02%,0.80%
2015-09-08,3.97%,1.61%,0.04%,-2.43%,2.51%,2.92%,-0.28%,-0.82%,0.44%
2015-09-09,-3.92%,0.31%,-1.62%,7.71%,-1.39%,2.29%,-0.06%,0.22%,0.58%
2015-09-10,2.75%,-0.90%,0.66%,-2.51%,0.53%,-1.39%,-0.66%,-0.54%,0.08%
2015-09-11,-1.53%,-0.85%,-0.54%,-0.19%,0.45%,0.07%,-0.52%,0.11%,-0.02%
2015-09-14,-3.68%,0.08%,0.38%,-1.63%,-0.41%,-2.67%,0.16%,0.02%,-0.29%
2015-09-15,0.56%,0.56%,-0.44%,0.34%,1.28%,-3.52%,0.48%,0.56%,0.17%
2015-09-16,6.69%,0.38%,1.49%,0.81%,0.87%,4.89%,-0.19%,-0.98%,0.10%
2015-09-17,-1.35%,0.02%,-0.17%,1.43%,-0.26%,-2.10%,-1.29%,-0.62%,-0.46%
2015-09-18,-3.28%,-3.06%,1.86%,-1.96%,-1.62%,0.38%,1.16%,0.39%,0.00%
2015-09-24,0.88%,-1.92%,1.96%,-2.76%,-0.34%,0.86%,-0.39%,0.05%,-0.18%
2015-09-25,0.89%,2.77%,-0.68%,1.76%,-0.05%,-1.60%,0.31%,0.37%,0.42%
2015-09-28,-2.59%,-2.12%,-1.22%,-1.32%,-2.57%,0.27%,-0.46%,0.08%,-0.55%
2015-09-29,1.88%,-0.35%,-0.43%,-4.05%,0.12%,-2.02%,-0.02%,0.14%,-0.16%
2015-09-30,0.29%,2.22%,-1.03%,2.70%,1.91%,0.48%,0.64%,0.15%,0.11%
2015-10-08,3.35%,0.23%,-0.37%,-0.99%,0.88%,2.97%,-0.39%,-0.20%,-0.07%
2015-10-09,-0.75%,1.04%,1.01%,1.64%,0.07%,1.27%,-0.70%,0.29%,0.28%
2015-10-13,-1.24%,-0.86%,0.08%,-1.11%,-0.68%,0.17%,-0.24%,0.68%,-0.23%
2015-10-14,-0.18%,-1.17%,1.23%,-1.89%,-0.47%,-0.93%,-0.80%,-1.51%,-0.77%
2015-10-15,-0.90%,1.50%,0.66%,1.15%,1.49%,2.32%,0.79%,0.14%,0.05%
2015-10-16,3.59%,0.39%,-0.36%,1.08%,0.46%,1.60%,0.32%,0.14%,0.46%
2015-10-19,-3.67%,0.59%,-0.87%,-0.88%,0.03%,-0.14%,0.20%,-0.17%,0.05%
2015-10-20,0.21%,-0.16%,0.40%,0.42%,-0.14%,1.14%,-0.22%,0.14%,0.28%
2015-10-21,-1.77%,0.89%,-0.88%,1.91%,-0.58%,-3.06%,0.08%,0.12%,0.09%
2015-10-22,0.48%,2.48%,-0.09%,-0.64%,1.66%,1.45%,2.09%,0.17%,0.62%
2015-10-23,-0.19%,2.88%,-0.28%,2.11%,1.10%,1.30%,0.82%,0.52%,0.65%
2015-10-26,-0.94%,0.06%,0.32%,0.65%,-0.19%,0.50%,-0.36%,-0.25%,-0.31%
2015-10-27,-1.54%,-1.01%,-0.02%,-0.90%,-0.26%,0.14%,0.08%,0.37%,-0.52%
2015-10-28,4.79%,1.31%,0.88%,0.67%,1.18%,-1.72%,1.17%,0.21%,0.52%
2015-10-29,-0.51%,-0.29%,-2.54%,0.17%,-0.04%,0.36%,-0.50%,-0.31%,0.03%
2015-10-30,1.56%,0.46%,-0.50%,0.78%,-0.48%,-0.14%,-0.27%,-0.77%,-0.42%
2015-11-02,-1.55%,0.93%,-0.50%,-2.10%,1.19%,-1.70%,-0.10%,0.08%,0.11%
2015-11-04,-3.88%,-0.97%,-0.69%,1.30%,-0.35%,4.31%,0.93%,0.23%,0.41%
2015-11-05,-1.24%,0.39%,-0.19%,1.00%,-0.11%,1.83%,-0.17%,1.18%,0.16%
2015-11-06,-1.17%,0.92%,-1.52%,0.78%,-0.03%,1.91%,1.34%,1.05%,1.16%
2015-11-09,-0.49%,-1.57%,0.03%,1.96%,-0.98%,1.58%,-0.08%,-0.44%,0.02%
2015-11-10,0.53%,0.16%,0.03%,0.15%,0.15%,-0.18%,0.24%,-0.02%,-0.04%
2015-11-11,-3.44%,0.70%,-0.32%,0.10%,-0.32%,0.27%,-0.19%,-0.63%,-0.24%
2015-11-12,-3.82%,-1.15%,-0.36%,0.03%,-1.40%,-0.48%,-0.68%,-0.12%,-0.19%
2015-11-13,-1.02%,-0.69%,0.00%,-0.51%,-1.12%,-1.43%,0.36%,-0.02%,0.02%
2015-11-16,2.18%,0.05%,0.27%,-1.04%,1.49%,0.73%,0.87%,0.24%,0.43%
2015-11-17,-2.22%,2.41%,-1.38%,1.22%,-0.13%,-0.06%,0.40%,-0.11%,0.23%
2015-11-18,1.31%,-0.10%,0.01%,0.09%,1.62%,-1.01%,-0.14%,-0.15%,0.15%
2015-11-19,0.09%,1.14%,0.86%,1.07%,-0.11%,1.36%,-0.70%,-0.34%,-0.63%
2015-11-20,1.09%,0.31%,-0.15%,0.10%,0.38%,0.37%,0.84%,0.64%,0.04%
2015-11-24,2.88%,-1.43%,0.70%,0.23%,0.12%,0.16%,-0.05%,0.24%,-0.25%
2015-11-25,0.11%,2.15%,-0.35%,-0.39%,-0.01%,0.88%,0.14%,-0.26%,0.16%
2015-11-27,-1.32%,-0.24%,-1.36%,-0.30%,0.06%,-5.48%,0.17%,0.44%,0.18%
2015-11-30,-0.56%,0.78%,0.91%,-0.69%,-0.46%,0.26%,0.26%,-0.12%,0.21%
2015-12-01,-0.38%,-1.06%,-0.19%,1.34%,1.07%,0.32%,-0.63%,-0.17%,-0.19%
2015-12-02,-4.39%,-0.63%,-0.90%,-0.37%,-1.10%,2.33%,0.16%,0.86%,0.31%
2015-12-03,3.18%,-3.58%,0.71%,0.01%,-1.44%,1.35%,-2.95%,-1.27%,-0.52%
2015-12-04,-1.92%,-0.34%,2.15%,-2.18%,2.05%,-1.67%,0.47%,0.21%,0.46%
2015-12-07,-5.28%,1.25%,-0.75%,0.99%,-0.70%,0.34%,0.46%,0.39%,0.17%
2015-12-08,-1.15%,-1.95%,-0.01%,-1.04%,-0.65%,-1.89%,-0.52%,0.30%,-0.37%
2015-12-09,-0.37%,-0.76%,0.12%,-0.98%,-0.77%,0.07%,-1.20%,-1.14%,-1.20%
2015-12-10,-0.95%,0.06%,-0.42%,-1.32%,0.23%,-0.49%,0.78%,0.14%,0.13%
2015-12-11,-4.53%,-2.44%,0.35%,0.97%,-1.94%,-0.61%,-0.45%,-0.38%,-0.61%
2015-12-14,-0.03%,-1.94%,-1.13%,-1.80%,0.48%,2.51%,-0.02%,0.50%,0.14%
2015-12-15,1.40%,3.07%,-0.17%,-1.68%,1.06%,-0.29%,0.59%,0.68%,0.54%
2015-12-16,-3.28%,0.18%,1.42%,2.61%,1.45%,0.17%,0.13%,0.24%,0.44%
2015-12-17,-0.35%,2.57%,-2.52%,1.59%,-1.50%,1.81%,0.80%,0.69%,0.28%
2015-12-18,-0.49%,-1.21%,1.47%,-1.90%,-1.78%,-0.03%,-0.38%,0.04%,-1.09%
2015-12-21,-1.44%,-1.04%,1.47%,-0.37%,0.78%,1.77%,-0.43%,0.06%,-0.02%
2015-12-22,-0.66%,-0.09%,-0.66%,-0.16%,0.88%,0.26%,-0.37%,0.40%,-0.09%
2015-12-28,-3.35%,-0.69%,-0.62%,0.56%,-0.22%,-2.59%,0.09%,0.39%,-0.01%
2015-12-29,3.19%,1.94%,0.65%,0.58%,1.06%,0.85%,0.46%,0.45%,0.05%
2015-12-30,-3.52%,-1.08%,-1.61%,0.27%,-0.72%,0.26%,-0.14%,-0.04%,0.04%
2016-01-04,-0.16%,-4.28%,1.40%,-3.06%,-1.53%,-6.86%,0.26%,0.19%,-0.74%
2016-01-05,-2.15%,0.26%,0.31%,-0.42%,0.20%,-0.26%,0.78%,0.31%,-0.32%
2016-01-06,-6.01%,-0.93%,1.25%,-0.99%,-1.31%,2.25%,-0.31%,0.31%,-0.50%
2016-01-07,-1.40%,-2.29%,1.45%,-2.33%,-2.37%,-7.04%,-1.41%,0.07%,-0.67%
2016-01-08,-0.59%,-1.31%,-0.89%,-0.39%,-1.08%,1.97%,0.04%,0.67%,-0.20%
2016-01-12,-2.19%,1.63%,-0.99%,-2.71%,0.78%,0.20%,0.02%,0.67%,-0.11%
2016-01-13,-1.78%,-0.25%,0.18%,2.88%,-2.50%,-2.42%,-0.17%,0.29%,0.04%
2016-01-14,2.38%,-1.67%,-1.25%,-2.68%,1.67%,1.97%,0.11%,-0.07%,0.31%
2016-01-15,-6.74%,-2.54%,1.64%,-0.54%,-2.16%,-3.55%,-0.47%,1.11%,-0.84%
2016-01-19,0.74%,1.50%,0.13%,0.55%,0.05%,3.22%,-0.15%,0.64%,0.26%
2016-01-20,-3.06%,-2.82%,1.58%,-3.71%,-1.17%,-1.03%,0.16%,-0.28%,-0.60%
2016-01-21,4.91%,1.94%,-0.72%,-2.43%,0.52%,-3.23%,0.15%,-0.20%,0.65%
2016-01-22,10.02%,1.99%,-0.17%,5.88%,2.03%,1.25%,0.72%,-0.31%,0.92%
2016-01-25,-5.22%,-0.29%,0.82%,0.90%,-1.56%,0.75%,-0.48%,0.11%,-0.40%
2016-01-26,4.26%,0.89%,1.40%,-2.35%,1.41%,-6.42%,-0.22%,-0.71%,0.10%
2016-01-27,4.09%,0.59%,-0.50%,2.72%,-1.09%,-0.52%,-0.18%,0.83%,0.21%
2016-01-28,2.39%,-2.44%,-0.04%,-0.71%,0.55%,-2.92%,-0.42%,-0.90%,0.13%
2016-01-29,2.51%,1.64%,0.07%,2.80%,2.48%,3.09%,0.94%,0.80%,1.88%
2016-02-01,-1.44%,-0.41%,1.03%,1.98%,-0.04%,-1.78%,-0.48%,-1.30%,-0.07%
2016-02-02,-4.44%,-1.81%,-0.05%,-0.64%,-1.87%,2.26%,-0.27%,0.17%,-0.83%
2016-02-03,7.09%,-1.53%,1.24%,-3.15%,0.50%,-0.38%,-1.68%,-1.34%,-1.71%
2016-02-04,-1.66%,-0.44%,1.43%,-0.85%,0.15%,1.52%,-0.92%,0.12%,-0.98%
2016-02-05,-1.16%,-1.14%,0.02%,-1.32%,-1.85%,-0.63%,0.45%,0.58%,0.11%
2016-02-16,-3.62%,-0.78%,-0.02%,0.20%,1.65%,3.29%,0.10%,0.89%,-0.44%
2016-02-17,7.21%,2.65%,0.26%,-1.36%,1.65%,1.08%,0.14%,0.07%,0.03%
2016-02-18,-0.64%,0.92%,1.24%,2.28%,-0.47%,-0.16%,0.19%,-0.27%,-0.75%
2016-02-19,-3.70%,-0.80%,0.35%,-1.42%,-0.00%,-0.10%,-0.24%,-0.49%,-0.60%
2016-02-22,5.09%,1.98%,-1.70%,0.90%,1.45%,2.35%,0.95%,1.80%,0.31%
2016-02-23,-4.09%,-1.64%,1.06%,-0.37%,-1.25%,-0.81%,0.09%,0.91%,-0.72%
2016-02-24,3.43%,-2.64%,1.34%,-0.85%,0.44%,0.88%,0.08%,0.69%,0.07%
2016-02-25,2.56%,1.79%,-0.04%,1.41%,1.13%,-6.41%,-0.10%,-0.26%,0.72%
2016-02-26,-0.54%,1.95%,-1.49%,0.30%,-0.19%,0.95%,0.80%,0.67%,0.88%
2016-02-29,2.48%,-0.19%,1.16%,-1.00%,-0.81%,-2.86%,0.57%,-0.32%,-1.15%
2016-03-01,2.34%,2.34%,-0.29%,0.37%,2.39%,1.68%,0.07%,-0.24%,1.17%
2016-03-02,0.33%,0.61%,0.88%,4.11%,0.41%,4.26%,-0.01%,-0.92%,-0.46%
2016-03-03,0.38%,-0.25%,1.31%,1.28%,0.35%,0.35%,-0.84%,-0.70%,0.19%
2016-03-04,4.45%,0.74%,0.99%,0.32%,0.33%,0.50%,-0.42%,-0.35%,0.06%
2016-03-07,5.48%,-0.46%,-0.53%,-0.61%,0.09%,0.81%,-0.08%,-0.26%,-0.25%
2016-03-08,-2.91%,-0.88%,-0.09%,-0.76%,-1.12%,0.14%,0.07%,0.39%,-0.76%
2016-03-09,3.58%,0.31%,-0.44%,-0.84%,0.51%,-1.34%,0.00%,-0.07%,0.65%
2016-03-10,-2.48%,-2.31%,1.23%,1.26%,0.02%,-2.02%,-1.53%,-0.40%,-0.13%
2016-03-11,0.85%,3.51%,-1.05%,0.51%,1.64%,0.20%,0.22%,-0.67%,0.55%
2016-03-14,-2.13%,1.62%,-1.14%,1.74%,-0.13%,1.75%,0.41%,0.52%,0.02%
2016-03-15,-2.00%,-0.56%,-1.13%,-0.68%,-0.18%,0.17%,-0.02%,1.04%,-0.56%
2016-03-16,4.10%,0.50%,-0.09%,-0.83%,0.56%,0.21%,-1.04%,-0.75%,-0.53%
2016-03-17,3.00%,-0.91%,2.86%,-0.22%,0.66%,1.20%,-0.82%,-1.53%,-1.07%
2016-03-18,-0.82%,0.59%,-0.85%,-1.25%,0.44%,1.73%,0.43%,0.00%,0.16%
2016-03-22,0.60%,0.42%,0.35%,1.94%,-0.09%,-0.64%,0.21%,1.12%,0.39%
2016-03-23,-3.16%,0.33%,-1.96%,-0.28%,-0.64%,0.35%,0.30%,0.65%,0.00%
2016-03-24,-0.07%,-1.71%,-0.19%,-0.64%,-0.04%,-1.63%,0.09%,-0.25%,0.47%
2016-03-29,-2.81%,0.37%,1.29%,-0.18%,0.88%,-1.28%,-0.83%,-0.93%,-0.67%
2016-03-30,0.31%,1.60%,-0.70%,-1.31%,0.44%,2.77%,-0.42%,0.04%,-0.24%
2016-03-31,0.87%,-0.81%,0.59%,-0.71%,-0.20%,0.11%,-0.36%,0.13%,0.14%
2016-04-01,-2.35%,-1.71%,-0.97%,-3.55%,0.63%,0.19%,-0.08%,0.95%,-0.81%
2016-04-05,0.48%,-2.63%,0.85%,-2.42%,-1.01%,1.45%,0.06%,0.73%,-0.90%
2016-04-06,5.20%,0.64%,-0.48%,-0.11%,1.05%,-0.08%,-0.14%,0.28%,-0.48%
2016-04-07,-1.03%,-0.98%,1.12%,0.22%,-1.20%,-1.38%,0.21%,0.45%,-1.44%
2016-04-08,6.37%,0.96%,0.51%,0.46%,0.28%,-0.78%,-0.22%,-0.49%,-0.15%
2016-04-11,2.12%,0.63%,1.14%,-0.44%,-0.27%,1.64%,-0.07%,-0.81%,-0.11%
2016-04-12,4.34%,0.81%,0.21%,1.13%,0.97%,-0.34%,0.19%,-0.24%,0.57%
2016-04-13,-1.14%,2.71%,-1.00%,2.84%,1.00%,1.42%,1.00%,0.50%,0.73%
2016-04-14,-0.77%,0.67%,-1.75%,3.23%,0.02%,0.51%,0.05%,0.37%,0.05%
2016-04-15,-1.69%,-0.42%,0.66%,-0.37%,-0.10%,-0.14%,-0.12%,-0.30%,-0.58%
2016-04-18,-0.44%,0.68%,0.04%,-3.40%,0.65%,-1.44%,-0.27%,-0.55%,0.06%
2016-04-19,2.61%,2.27%,1.57%,3.68%,0.31%,0.30%,-0.40%,-0.84%,0.34%
2016-04-20,4.02%,0.69%,0.02%,0.19%,0.08%,-2.31%,0.53%,0.42%,0.59%
2016-04-21,-2.77%,0.14%,-0.34%,2.70%,-0.52%,-0.66%,0.09%,0.09%,-0.36%
2016-04-22,1.30%,-0.60%,-1.63%,1.20%,0.00%,0.22%,0.49%,-0.54%,2.14%
2016-04-25,-1.40%,-0.76%,0.83%,-0.76%,-0.18%,-0.42%,-0.31%,-0.56%,-0.53%
2016-04-26,2.83%,-0.34%,0.27%,-0.49%,0.19%,0.61%,-0.26%,-0.68%,0.10%
2016-04-27,3.15%,0.39%,0.56%,-0.36%,0.16%,-0.37%,-0.20%,0.26%,0.14%
2016-04-28,2.03%,0.21%,1.30%,-3.61%,-0.92%,-0.27%,-0.27%,-0.45%,-3.01%
2016-05-06,0.80%,0.18%,1.69%,-0.25%,0.32%,-2.82%,0.00%,0.38%,-0.12%
2016-05-09,-3.84%,1.12%,-2.11%,0.68%,0.08%,-2.79%,0.19%,0.17%,1.13%
2016-05-10,4.33%,0.65%,-0.13%,2.15%,1.25%,0.02%,0.10%,-0.27%,0.87%
2016-05-11,4.57%,-0.70%,0.85%,0.08%,-0.96%,0.16%,-0.47%,-0.01%,-0.78%
2016-05-12,1.01%,-1.13%,-0.34%,0.41%,-0.02%,-0.04%,0.42%,-0.01%,0.56%
2016-05-13,-0.52%,0.92%,0.13%,-1.41%,-0.85%,-0.31%,0.61%,0.61%,-0.39%
2016-05-17,0.63%,-0.63%,0.22%,1.13%,-0.94%,-0.25%,0.05%,-0.43%,0.10%
2016-05-18,-0.71%,0.54%,-0.20%,-0.05%,0.02%,-1.27%,0.86%,-0.93%,0.96%
2016-05-19,-0.25%,-1.48%,-1.53%,0.01%,-0.37%,-0.02%,0.12%,-0.09%,-0.20%
2016-05-20,-0.18%,1.23%,-0.14%,0.54%,0.60%,0.66%,-0.18%,0.76%,0.16%
2016-05-23,-0.76%,-0.74%,-0.10%,-0.49%,-0.21%,0.64%,0.03%,0.12%,-0.84%
2016-05-24,0.54%,2.18%,-1.77%,-0.94%,1.37%,-0.77%,0.71%,-1.03%,0.70%
2016-05-25,2.32%,1.47%,-0.44%,1.57%,0.70%,-0.23%,-0.13%,-0.42%,0.18%
2016-05-26,-0.30%,0.66%,-0.28%,0.09%,-0.02%,0.26%,-0.35%,0.18%,-0.38%
2016-05-27,-0.54%,0.13%,-0.52%,0.37%,0.43%,-0.05%,0.72%,0.32%,0.42%
2016-05-31,-0.14%,-0.68%,0.22%,0.98%,-0.10%,3.34%,0.13%,1.10%,-0.38%
2016-06-01,0.06%,-0.57%,-0.24%,-1.62%,0.11%,-0.11%,-0.50%,0.42%,-1.07%
2016-06-02,0.64%,0.03%,-0.17%,-2.32%,0.28%,0.40%,0.32%,-0.04%,-0.61%
2016-06-03,-0.80%,-1.03%,2.50%,0.48%,-0.29%,0.46%,-1.88%,-0.66%,-2.14%
2016-06-06,1.83%,0.18%,0.36%,-0.37%,0.49%,-0.16%,0.10%,0.55%,0.97%
2016-06-07,1.76%,1.65%,-0.02%,0.58%,0.13%,0.07%,-0.03%,-0.71%,-0.19%
2016-06-08,2.08%,-0.69%,1.24%,0.93%,0.33%,-0.30%,-0.31%,0.28%,-0.35%
2016-06-13,-0.38%,-1.80%,0.86%,-3.51%,-0.81%,-3.21%,-0.37%,-0.11%,-0.68%
2016-06-14,-1.03%,-1.43%,0.09%,-1.00%,-0.18%,0.32%,0.75%,1.11%,-0.13%
2016-06-15,-1.73%,0.92%,0.02%,0.38%,-0.18%,1.58%,-0.46%,-0.64%,-0.08%
2016-06-16,-3.63%,-0.59%,0.80%,-3.05%,0.31%,-0.50%,0.30%,0.03%,-1.67%
2016-06-17,4.20%,0.85%,-0.28%,1.07%,-0.33%,0.43%,-0.46%,-1.08%,-0.12%
2016-06-20,3.01%,3.43%,-0.19%,2.34%,0.58%,0.13%,-0.32%,-2.33%,-0.17%
2016-06-21,-0.06%,0.54%,-1.51%,1.28%,0.27%,-0.35%,0.64%,0.34%,0.78%
2016-06-22,-1.46%,0.55%,-0.20%,-0.64%,-0.17%,0.94%,-0.51%,-0.40%,-0.32%
2016-06-23,2.06%,1.85%,-0.54%,1.07%,1.34%,-0.47%,-0.80%,-1.15%,1.68%
2016-06-24,-4.91%,-6.82%,4.66%,-7.92%,-3.59%,-1.30%,2.46%,8.76%,-3.70%
2016-06-27,-2.58%,-3.02%,0.19%,2.39%,-1.81%,1.45%,0.84%,3.42%,-0.22%
2016-06-28,3.01%,1.93%,-0.54%,0.09%,1.78%,0.58%,-0.39%,-0.86%,0.75%
2016-06-29,4.18%,1.75%,0.65%,1.59%,1.70%,0.65%,-0.53%,-0.63%,0.07%
2016-06-30,-1.84%,0.71%,-0.42%,0.06%,1.36%,-0.07%,0.17%,0.86%,0.45%
2016-07-01,1.35%,0.99%,1.39%,0.68%,0.19%,0.10%,-0.27%,0.37%,-0.74%
2016-07-05,-4.27%,-1.82%,0.33%,-0.67%,-0.68%,0.60%,0.73%,2.07%,-0.82%
2016-07-06,1.75%,-1.67%,0.63%,-1.85%,0.54%,0.36%,-0.21%,0.70%,-0.38%
2016-07-07,-4.92%,0.49%,-0.35%,-0.67%,-0.09%,-0.01%,0.32%,0.18%,-0.54%
2016-07-08,0.78%,2.24%,-0.26%,-1.11%,1.53%,-0.95%,0.08%,-0.36%,-0.23%
2016-07-11,-1.09%,2.12%,-0.12%,3.98%,0.34%,0.23%,-0.03%,-0.31%,2.25%
2016-07-12,4.80%,1.33%,-1.54%,2.46%,0.70%,1.82%,-0.01%,-1.87%,1.83%
2016-07-13,-4.56%,-0.33%,0.62%,0.84%,0.01%,0.37%,-0.27%,0.73%,-0.18%
2016-07-14,2.40%,1.39%,-0.83%,0.95%,0.53%,-0.22%,-0.29%,-1.47%,0.80%
2016-07-15,0.51%,-0.01%,-0.36%,0.68%,-0.09%,0.01%,0.78%,1.15%,-0.47%
2016-07-19,-0.64%,-0.81%,0.23%,1.37%,-0.14%,-0.23%,0.47%,1.13%,-0.04%
2016-07-20,1.09%,1.61%,-0.95%,-0.25%,0.43%,-0.29%,0.07%,-0.76%,0.68%
2016-07-21,-2.06%,0.14%,0.89%,0.77%,-0.36%,0.37%,-0.09%,-0.17%,-0.96%
2016-07-22,-1.10%,-0.09%,-0.56%,-1.09%,0.46%,-0.86%,0.44%,0.94%,0.26%
2016-07-25,-2.12%,0.50%,-0.29%,-0.04%,-0.30%,0.10%,-0.16%,-0.24%,-0.28%
2016-07-26,0.34%,0.49%,0.11%,-1.43%,0.03%,1.14%,0.05%,0.07%,-1.06%
2016-07-27,-3.12%,0.70%,0.45%,1.72%,-0.12%,-1.91%,-0.64%,-0.68%,0.71%
2016-07-28,-1.77%,-0.43%,0.43%,-1.13%,0.16%,0.08%,-0.15%,0.44%,-0.12%
2016-07-29,-0.56%,0.61%,1.25%,0.56%,0.16%,-0.50%,-0.87%,-0.47%,-3.05%
2016-08-01,-0.75%,-0.07%,0.18%,0.40%,-0.13%,-0.87%,0.10%,0.38%,0.32%
2016-08-02,-0.81%,-1.80%,0.96%,-1.47%,-0.64%,0.61%,-0.58%,-1.34%,-1.46%
2016-08-03,3.11%,0.26%,-0.61%,-1.88%,0.31%,0.24%,0.71%,0.21%,0.34%
2016-08-04,2.76%,0.57%,0.20%,1.07%,0.02%,0.13%,0.17%,1.69%,-0.01%
2016-08-05,-0.05%,1.36%,-1.65%,-0.00%,0.86%,-0.19%,0.40%,0.26%,0.58%
2016-08-08,2.53%,0.63%,-0.22%,2.44%,-0.09%,0.93%,-0.07%,0.25%,0.62%
2016-08-09,-0.90%,2.50%,0.42%,0.69%,0.04%,0.71%,-0.24%,0.29%,-0.54%
2016-08-10,-2.07%,-0.39%,0.40%,-0.18%,-0.29%,-0.23%,-0.51%,-0.07%,-0.60%
2016-08-12,2.02%,-0.27%,-0.50%,1.10%,-0.08%,1.60%,-0.21%,0.25%,-0.63%
2016-08-15,2.94%,0.24%,0.34%,-0.30%,0.28%,2.44%,-0.20%,0.34%,-0.06%
2016-08-16,1.82%,-0.58%,0.76%,-1.62%,-0.55%,-0.49%,-0.85%,-1.28%,-0.93%
2016-08-17,1.26%,-1.30%,-0.58%,0.90%,0.19%,-0.02%,-0.08%,0.03%,-0.04%
2016-08-18,2.09%,0.62%,0.63%,-1.55%,0.22%,-0.17%,-0.58%,-0.95%,-0.38%
2016-08-19,-0.02%,-0.55%,-0.80%,0.36%,-0.14%,0.13%,0.24%,0.71%,0.33%
2016-08-22,-3.38%,-0.47%,-0.20%,0.32%,-0.06%,-0.75%,0.07%,-0.48%,0.11%
2016-08-23,1.63%,0.94%,0.22%,-0.61%,0.20%,0.16%,0.12%,-0.45%,-0.08%
2016-08-24,-1.82%,0.28%,-1.21%,0.61%,-0.52%,-0.12%,0.36%,-0.26%,0.19%
2016-08-25,1.26%,-0.88%,-0.32%,-0.25%,-0.14%,-0.57%,-0.17%,0.32%,0.09%
2016-08-26,0.50%,0.55%,0.11%,-1.18%,-0.16%,0.06%,0.77%,0.41%,1.29%
2016-08-29,-1.32%,-0.41%,0.11%,2.30%,0.52%,-0.01%,0.08%,0.25%,0.09%
2016-08-30,-1.81%,1.07%,-0.85%,-0.07%,-0.20%,0.15%,0.41%,0.17%,1.03%
2016-08-31,-2.75%,-0.61%,-0.37%,0.97%,-0.24%,0.35%,-0.14%,-0.43%,0.44%
2016-09-01,-3.38%,-0.55%,0.41%,0.23%,-0.00%,-0.72%,-0.35%,-0.97%,-0.16%
2016-09-02,3.04%,1.42%,0.75%,-0.01%,0.42%,0.13%,0.36%,-0.19%,0.72%
2016-09-06,-0.78%,0.14%,1.37%,0.26%,0.30%,0.61%,-0.98%,-1.01%,-1.37%
2016-09-07,1.52%,0.62%,-0.38%,-0.41%,-0.01%,0.04%,0.14%,0.75%,-0.28%
2016-09-08,4.19%,-0.72%,-0.56%,-0.32%,-0.22%,0.13%,-0.17%,0.32%,0.76%
2016-09-09,-3.96%,-0.95%,-0.50%,0.04%,-2.45%,-0.55%,0.25%,0.23%,0.19%
2016-09-12,0.65%,-1.34%,-0.68%,-1.73%,1.47%,-1.85%,-0.02%,-0.52%,-0.81%
2016-09-13,-2.52%,-0.43%,-0.15%,0.34%,-1.48%,0.05%,0.12%,1.08%,0.69%
2016-09-14,-2.65%,-0.08%,0.19%,-0.69%,-0.06%,-0.68%,-0.26%,-0.30%,-0.14%
2016-09-20,-0.15%,0.19%,0.02%,-0.16%,0.03%,-0.10%,0.18%,0.33%,-0.23%
2016-09-21,2.07%,0.41%,4.14%,1.91%,1.09%,0.09%,-0.30%,-0.31%,-1.38%
2016-09-23,-3.69%,-0.44%,-0.24%,-0.32%,-0.57%,-0.28%,-0.16%,0.80%,0.25%
2016-09-26,3.18%,-2.19%,0.19%,-1.25%,-0.86%,-1.76%,-0.25%,-0.01%,-0.66%
2016-09-27,-2.91%,-0.31%,-1.03%,0.84%,0.64%,0.60%,0.35%,-0.36%,0.11%
2016-09-28,5.92%,0.74%,-0.49%,-1.31%,0.53%,-0.34%,-0.01%,0.03%,0.23%
2016-09-29,1.13%,-0.31%,0.17%,1.39%,-0.93%,0.36%,-0.06%,0.39%,0.36%
2016-09-30,-0.37%,1.01%,-0.64%,-1.46%,0.80%,0.21%,-0.17%,-0.06%,0.31%
2016-10-11,-1.37%,-0.44%,-0.36%,0.98%,-1.24%,0.56%,0.76%,1.98%,-0.09%
2016-10-12,-1.14%,-0.51%,-0.15%,-1.09%,0.11%,-0.22%,0.42%,-0.69%,0.66%
2016-10-13,0.42%,-1.04%,0.31%,-0.39%,-0.31%,0.09%,-0.44%,-0.39%,-0.49%
2016-10-14,-0.15%,1.60%,-0.15%,0.49%,0.02%,0.08%,0.79%,0.56%,0.48%
2016-10-17,-0.83%,-0.73%,0.10%,0.26%,-0.30%,-0.74%,-0.26%,0.02%,-0.29%
2016-10-18,0.31%,1.22%,0.51%,0.38%,0.62%,1.40%,0.18%,-0.93%,-0.03%
2016-10-19,1.92%,0.13%,0.56%,0.21%,0.22%,0.03%,0.07%,0.07%,-0.40%
2016-10-20,-2.45%,0.52%,-0.18%,1.39%,-0.14%,-0.01%,0.40%,0.29%,0.49%
2016-10-21,0.78%,0.09%,0.02%,-0.30%,-0.01%,0.21%,0.42%,0.13%,-0.12%
2016-10-24,-0.62%,0.47%,-0.31%,0.29%,0.47%,1.21%,0.03%,-0.02%,0.35%
2016-10-25,-1.30%,-0.04%,0.78%,0.76%,-0.38%,0.12%,-0.07%,0.42%,0.04%
2016-10-26,-1.59%,-0.44%,-0.56%,0.15%,-0.17%,-0.50%,-0.20%,-0.48%,0.23%
2016-10-27,0.98%,0.07%,0.25%,-0.32%,-0.30%,-0.13%,0.12%,0.69%,0.78%
2016-10-28,-1.51%,-0.19%,0.60%,0.63%,-0.31%,-0.26%,-0.82%,-0.19%,-0.56%
2016-10-31,-2.84%,-0.29%,-0.31%,-0.12%,-0.01%,-0.12%,0.04%,-0.48%,0.11%
2016-11-01,-0.33%,-1.30%,1.17%,0.10%,-0.68%,0.71%,-0.67%,0.01%,-0.63%
2016-11-02,-2.66%,-1.47%,1.59%,-1.76%,-0.65%,-0.63%,-0.38%,-0.49%,-0.82%
2016-11-04,-1.66%,-0.65%,0.09%,-1.34%,-0.17%,-0.12%,-0.33%,-0.46%,0.16%
2016-11-07,1.25%,1.93%,-1.92%,1.61%,2.22%,0.26%,0.92%,0.98%,1.29%
2016-11-08,-0.24%,0.24%,-0.38%,-0.03%,0.38%,0.46%,0.13%,0.16%,0.66%
2016-11-09,0.70%,1.56%,-0.06%,-5.36%,1.11%,-0.62%,1.06%,-0.22%,0.48%
2016-11-10,-1.12%,-0.15%,-0.56%,6.72%,0.20%,1.37%,0.16%,-1.19%,1.10%
2016-11-11,-2.38%,0.36%,-3.32%,0.18%,-0.14%,0.78%,0.34%,-0.38%,-0.14%
2016-11-14,-0.72%,0.24%,-0.19%,1.71%,-0.01%,0.45%,1.11%,0.88%,1.63%
2016-11-15,5.67%,0.39%,0.23%,-0.03%,0.75%,-0.11%,0.14%,0.29%,0.69%
2016-11-16,-0.68%,-0.66%,-0.05%,1.10%,-0.16%,-0.06%,0.29%,0.11%,-0.08%
2016-11-17,-0.30%,0.20%,-0.56%,0.00%,0.47%,0.11%,0.61%,0.21%,0.94%
2016-11-18,0.80%,-0.20%,-0.66%,0.59%,-0.24%,-0.49%,0.36%,0.57%,0.76%
2016-11-21,4.35%,0.19%,0.09%,0.77%,0.75%,0.79%,-0.39%,-1.19%,-0.11%
2016-11-22,0.45%,0.27%,0.12%,0.31%,0.22%,0.94%,0.02%,0.56%,0.26%
2016-11-25,-3.59%,0.09%,3.01%,0.26%,0.39%,0.62%,-0.31%,-0.20%,-0.23%
2016-11-28,2.12%,-1.09%,1.07%,-0.13%,-0.53%,0.46%,-0.26%,0.49%,-1.01%
2016-11-29,-3.86%,0.36%,-3.76%,-0.27%,0.13%,0.18%,-0.32%,-0.60%,0.40%
2016-11-30,8.82%,0.19%,-1.44%,0.01%,-0.27%,-1.00%,0.58%,-0.12%,1.85%
2016-12-01,6.88%,-1.00%,-0.33%,1.12%,-0.35%,0.72%,-0.70%,-0.68%,-0.33%
2016-12-02,0.96%,-0.20%,0.70%,-0.47%,0.04%,-0.90%,-0.10%,-1.08%,-0.45%
2016-12-05,0.88%,1.63%,-0.09%,-0.82%,0.58%,-1.21%,-0.84%,-0.04%,0.23%
2016-12-06,-1.84%,0.85%,-0.55%,0.47%,0.34%,-0.16%,0.43%,0.43%,0.16%
2016-12-07,-1.72%,1.96%,0.63%,0.74%,1.32%,0.71%,-0.33%,0.43%,-0.22%
2016-12-08,1.68%,1.75%,-0.44%,1.45%,0.22%,-0.21%,1.30%,0.30%,0.23%
2016-12-09,0.82%,0.22%,-0.89%,1.23%,0.59%,0.54%,0.50%,0.09%,1.20%
2016-12-12,2.50%,-0.12%,0.35%,0.84%,-0.11%,-2.47%,-0.68%,-0.79%,-0.32%
2016-12-13,0.05%,0.84%,-0.58%,0.50%,0.65%,0.07%,0.06%,0.14%,0.14%
2016-12-14,-3.27%,-0.35%,0.40%,0.02%,-0.81%,-0.46%,0.85%,0.75%,1.61%
2016-12-15,0.22%,1.08%,-2.88%,0.10%,0.39%,-0.73%,1.19%,1.18%,0.96%
2016-12-16,2.20%,0.33%,0.67%,0.66%,-0.18%,0.17%,-0.36%,-0.63%,-0.15%
2016-12-19,-0.53%,0.20%,0.46%,-0.05%,0.20%,-0.16%,0.48%,0.79%,-0.77%
2016-12-20,0.78%,0.33%,-0.79%,0.53%,0.36%,-0.49%,0.14%,0.29%,0.68%
2016-12-21,-1.61%,0.03%,-0.04%,-0.26%,-0.25%,1.11%,-0.35%,0.09%,-0.28%
2016-12-22,1.08%,-0.11%,-0.20%,-0.09%,-0.19%,0.07%,-0.11%,0.58%,-0.01%
2016-12-27,1.69%,0.19%,0.24%,0.03%,0.22%,-0.25%,-0.01%,0.15%,0.28%
2016-12-28,0.23%,0.02%,0.18%,-0.01%,-0.84%,-0.40%,0.43%,0.38%,-0.14%
2016-12-29,-0.14%,-0.21%,1.49%,-1.32%,-0.03%,-0.20%,-0.75%,-0.31%,-0.60%
2016-12-30,1.21%,0.26%,-0.55%,-0.16%,-0.46%,0.24%,-0.24%,-0.61%,0.29%
2017-01-04,1.78%,0.00%,0.29%,2.51%,0.57%,0.73%,-0.79%,-0.69%,-0.41%
2017-01-05,0.76%,0.01%,1.37%,-0.37%,-0.08%,0.21%,-1.12%,-0.78%,-1.63%
2017-01-06,0.37%,0.12%,-0.66%,-0.34%,0.35%,-0.35%,0.71%,1.07%,1.35%
2017-01-10,-2.37%,0.17%,0.06%,-0.79%,0.00%,-0.30%,0.18%,-0.11%,-0.22%
2017-01-11,2.72%,0.54%,0.96%,0.33%,0.28%,-0.79%,-0.26%,-0.30%,-0.31%
2017-01-12,1.65%,-1.07%,0.28%,-1.19%,-0.21%,-0.56%,-0.28%,0.44%,-0.60%
2017-01-13,-1.00%,0.94%,-0.30%,0.80%,0.18%,-0.21%,-0.30%,-0.15%,-0.17%
2017-01-17,-0.70%,-0.13%,0.76%,-1.48%,-0.30%,0.17%,-1.04%,-2.95%,-1.37%
2017-01-18,-2.79%,0.51%,-0.06%,0.43%,0.18%,0.14%,0.77%,1.27%,1.80%
2017-01-19,0.45%,-0.02%,-0.86%,0.94%,-0.36%,-0.38%,-0.31%,-0.66%,0.17%
2017-01-20,2.46%,0.29%,0.28%,0.34%,0.34%,0.70%,-0.35%,-0.27%,-0.22%
2017-01-23,-0.47%,-0.73%,0.89%,-1.29%,-0.27%,0.44%,-0.58%,-1.29%,-1.68%
2017-01-24,0.38%,0.43%,-0.39%,-0.55%,0.66%,0.18%,0.31%,0.13%,0.98%
2017-01-25,-0.65%,1.82%,-1.07%,1.43%,0.80%,0.22%,-0.16%,-0.90%,-0.46%
2017-01-26,2.11%,0.36%,-0.65%,1.81%,-0.07%,0.31%,0.61%,0.33%,1.10%
2017-02-03,0.44%,0.20%,-3.71%,0.02%,0.73%,-0.60%,-0.24%,0.33%,-0.10%
2017-02-06,-1.92%,-1.22%,0.94%,0.31%,-0.21%,0.54%,0.31%,0.15%,-0.84%
2017-02-07,-1.20%,0.34%,0.34%,-0.35%,0.02%,-0.12%,0.63%,-0.32%,0.57%
2017-02-08,0.13%,-0.05%,0.28%,0.51%,0.07%,0.44%,-0.16%,-0.25%,-0.40%
2017-02-09,0.93%,0.86%,-0.20%,-0.53%,0.58%,0.51%,0.42%,0.36%,1.17%
2017-02-10,1.92%,0.21%,-0.06%,2.49%,0.36%,0.42%,0.13%,0.02%,-0.03%
2017-02-13,-1.96%,0.92%,-0.81%,0.41%,0.52%,0.63%,0.40%,-0.26%,0.47%
2017-02-14,0.68%,-0.02%,-0.04%,-1.13%,0.40%,0.03%,0.20%,0.45%,0.45%
2017-02-15,-0.39%,0.19%,0.64%,1.03%,0.50%,-0.15%,-0.22%,0.07%,-0.08%
2017-02-16,-0.18%,-0.31%,0.67%,-0.47%,-0.09%,0.52%,-0.68%,-0.24%,-0.82%
2017-02-17,0.29%,-0.00%,-0.19%,-0.58%,0.17%,-0.85%,0.57%,0.60%,-0.31%
2017-02-21,0.85%,1.18%,-0.06%,0.68%,0.60%,0.41%,0.72%,-0.09%,0.52%
2017-02-22,-1.45%,0.26%,-0.44%,-0.01%,-0.11%,0.24%,-0.18%,0.17%,-0.34%
2017-02-23,1.33%,-0.42%,1.48%,-0.04%,0.04%,-0.30%,-0.24%,-0.85%,-0.63%
2017-02-24,-1.04%,-1.20%,0.54%,-0.45%,0.15%,0.06%,0.18%,0.72%,-0.36%
2017-02-27,-0.11%,0.16%,0.04%,-0.91%,0.10%,-0.76%,-0.22%,0.20%,0.45%
2017-02-28,-0.61%,0.10%,-0.38%,0.06%,-0.26%,0.40%,0.10%,0.50%,0.07%
2017-03-01,1.39%,1.97%,-0.30%,1.44%,1.37%,0.16%,0.27%,0.71%,0.84%
2017-03-02,-2.27%,-0.06%,-1.36%,0.88%,-0.59%,-0.52%,0.38%,0.23%,0.60%
2017-03-03,1.49%,-0.27%,-0.52%,-0.49%,0.05%,-0.36%,-1.08%,-0.23%,-0.34%
2017-03-06,0.20%,-0.57%,-0.08%,-0.46%,-0.33%,0.48%,0.38%,0.47%,-0.11%
2017-03-07,-0.16%,0.06%,-0.77%,-0.18%,-0.29%,0.26%,0.15%,0.29%,0.08%
2017-03-08,-5.03%,0.01%,-0.54%,-0.47%,-0.23%,-0.05%,0.24%,0.26%,0.32%
2017-03-09,-1.73%,0.09%,-0.50%,0.34%,0.08%,-0.74%,-0.34%,0.02%,0.52%
2017-03-10,-1.57%,-0.13%,-0.14%,1.48%,0.33%,-0.12%,-0.89%,-0.04%,-0.17%
2017-03-13,-0.04%,0.22%,0.14%,0.15%,0.04%,0.76%,0.16%,-0.39%,0.11%
2017-03-14,-0.84%,-0.01%,-0.04%,-0.12%,-0.34%,0.07%,0.48%,0.53%,-0.11%
2017-03-15,1.75%,0.18%,3.94%,-0.16%,0.84%,0.08%,-1.22%,-1.12%,-1.19%
2017-03-16,-0.14%,0.61%,-1.83%,0.07%,-0.16%,0.84%,-0.30%,-0.54%,-0.06%
2017-03-17,0.04%,0.10%,0.27%,-0.35%,-0.13%,-0.96%,0.27%,-0.28%,-0.52%
2017-03-21,-1.28%,-0.75%,1.01%,-0.34%,-1.24%,0.33%,-0.67%,-0.96%,-0.75%
2017-03-22,-0.63%,-0.48%,0.26%,-2.13%,0.19%,-0.50%,0.13%,-0.04%,-0.50%
2017-03-23,-0.16%,1.14%,-0.19%,0.23%,-0.11%,0.10%,0.13%,-0.30%,-0.20%
2017-03-24,0.47%,0.20%,0.10%,0.93%,-0.08%,0.64%,-0.14%,0.39%,0.36%
2017-03-27,-0.10%,-0.57%,0.58%,-0.39%,-0.10%,-0.08%,-0.62%,-0.69%,-0.61%
2017-03-28,1.14%,1.28%,-0.01%,1.14%,0.73%,-0.43%,0.48%,0.87%,0.45%
2017-03-29,2.12%,0.44%,-0.15%,0.08%,0.11%,-0.36%,0.43%,0.14%,-0.10%
2017-03-30,1.03%,0.44%,-0.67%,-0.80%,0.29%,-0.96%,0.85%,-0.29%,0.78%
2017-03-31,-0.25%,0.46%,0.18%,-0.81%,-0.23%,0.38%,0.21%,-0.69%,-0.47%
2017-04-05,0.35%,-0.53%,-0.76%,0.27%,-0.31%,1.48%,0.09%,-0.34%,-0.05%
2017-04-06,0.97%,0.11%,0.39%,-1.40%,0.19%,0.33%,0.19%,0.11%,0.10%
2017-04-07,0.64%,-0.05%,0.32%,0.36%,-0.08%,0.17%,0.51%,0.77%,0.23%
2017-04-10,1.34%,-0.20%,-0.26%,-0.01%,0.07%,-0.52%,-0.06%,-0.35%,-0.12%
2017-04-11,0.45%,-0.50%,1.61%,-0.27%,-0.14%,0.60%,-0.05%,-0.60%,-1.19%
2017-04-12,-0.66%,0.13%,0.32%,-1.04%,-0.38%,-0.46%,-0.60%,-0.40%,-0.54%
2017-04-13,0.05%,-0.38%,0.83%,-0.68%,-0.68%,0.07%,0.50%,0.30%,0.06%
2017-04-18,-0.85%,-0.90%,0.18%,0.35%,-0.29%,-0.79%,-0.81%,-2.12%,-0.45%
2017-04-19,-3.57%,0.13%,-0.80%,0.07%,-0.17%,-0.81%,0.18%,0.45%,0.41%
2017-04-20,0.11%,0.09%,0.04%,-0.01%,0.76%,0.04%,-0.05%,-0.27%,0.42%
2017-04-21,-1.94%,0.18%,0.43%,1.03%,-0.30%,0.03%,-0.10%,0.00%,-0.22%
2017-04-24,-0.69%,3.37%,-0.90%,-0.18%,1.08%,-1.37%,-1.29%,0.15%,0.63%
2017-04-25,0.97%,0.10%,-0.80%,1.08%,0.61%,0.16%,-0.53%,-0.36%,1.20%
2017-04-26,-0.54%,0.05%,-0.28%,1.10%,-0.05%,0.20%,0.21%,-0.04%,-0.03%
2017-04-27,-0.73%,-0.23%,0.13%,-0.19%,0.06%,0.36%,0.27%,-0.45%,0.19%
2017-04-28,0.56%,-0.05%,0.19%,-0.29%,-0.19%,0.08%,-0.22%,-0.36%,0.25%
2017-05-02,-2.06%,0.56%,0.14%,0.70%,0.12%,-0.35%,-0.28%,-0.41%,0.13%
2017-05-08,0.49%,-0.18%,0.04%,0.84%,0.00%,-0.79%,0.67%,0.32%,0.47%
2017-05-09,-1.24%,0.43%,-0.90%,-0.26%,-0.10%,0.06%,0.46%,0.04%,0.64%
2017-05-10,3.06%,0.07%,0.25%,0.29%,0.11%,-0.90%,0.07%,-0.03%,0.26%
2017-05-11,1.10%,-0.36%,0.44%,0.31%,-0.22%,0.29%,0.04%,0.40%,-0.37%
2017-05-12,0.14%,0.47%,0.29%,-0.39%,-0.15%,0.72%,-0.62%,-0.03%,-0.46%
2017-05-15,1.93%,0.29%,0.20%,-0.07%,0.48%,0.22%,-0.40%,-0.03%,0.39%
2017-05-16,-0.33%,-0.02%,0.52%,0.25%,-0.07%,0.74%,-0.98%,-0.18%,-0.58%
2017-05-17,1.08%,-1.35%,1.82%,-0.53%,-1.82%,-0.27%,-0.68%,-0.43%,-2.03%
2017-05-18,0.57%,-0.33%,-0.46%,-1.32%,0.37%,-0.46%,0.49%,0.30%,0.61%
2017-05-19,2.09%,0.39%,0.08%,0.19%,0.68%,0.02%,-0.92%,-0.79%,-0.20%
2017-05-22,0.48%,-0.15%,0.64%,0.02%,0.52%,-0.48%,-0.27%,0.27%,0.02%
2017-05-23,0.52%,0.31%,-0.47%,-0.33%,0.18%,-0.45%,0.48%,0.29%,0.43%
2017-05-24,-0.35%,-0.13%,-0.19%,0.66%,0.25%,0.07%,-0.32%,-0.08%,-0.25%
2017-05-25,-4.63%,-0.17%,0.27%,0.36%,0.44%,1.43%,0.09%,0.26%,0.30%
2017-05-26,1.34%,-0.15%,0.94%,-0.64%,0.03%,0.07%,0.24%,1.06%,-0.44%
2017-05-31,-2.95%,0.13%,0.78%,-0.14%,-0.05%,0.23%,-0.51%,-0.24%,-0.06%
2017-06-01,0.64%,0.40%,2.92%,1.07%,0.76%,-0.47%,0.28%,0.06%,0.52%
2017-06-02,-1.34%,1.25%,-2.47%,1.60%,0.37%,0.09%,-0.63%,-0.04%,-0.84%
2017-06-06,1.31%,-1.04%,-2.07%,-0.95%,-0.28%,0.34%,-0.20%,-0.06%,-0.96%
2017-06-07,-4.11%,-0.14%,-0.33%,0.02%,0.16%,1.23%,0.18%,-0.37%,0.37%
2017-06-08,-0.42%,0.32%,-1.07%,-0.38%,0.03%,0.32%,0.39%,0.05%,0.17%
2017-06-09,0.61%,0.80%,-0.61%,0.52%,-0.08%,0.26%,0.16%,1.63%,0.31%
2017-06-12,0.29%,-0.98%,-0.19%,-0.04%,-0.10%,-0.59%,-0.06%,0.70%,-0.36%
2017-06-13,0.89%,0.59%,-0.02%,-0.05%,0.45%,0.44%,-0.08%,-0.77%,0.12%
2017-06-14,-3.53%,0.32%,0.55%,-0.08%,-0.10%,-0.73%,-0.07%,0.03%,-0.45%
2017-06-15,-0.17%,-0.89%,-1.62%,-0.26%,-0.22%,0.06%,0.65%,-0.03%,1.24%
2017-06-16,0.96%,0.48%,0.14%,0.56%,0.03%,-0.30%,-0.46%,-0.17%,-0.07%
2017-06-19,-0.97%,1.07%,2.49%,0.51%,0.83%,0.68%,0.44%,0.31%,0.60%
2017-06-20,-1.90%,-0.58%,-3.44%,0.81%,-0.67%,-0.14%,0.12%,0.84%,-0.08%
2017-06-21,-2.61%,-0.32%,0.19%,-0.45%,-0.06%,0.52%,-0.30%,-0.32%,-0.05%
2017-06-22,0.89%,0.15%,0.34%,-0.14%,-0.05%,-0.28%,0.15%,-0.09%,-0.04%
2017-06-23,0.71%,-0.47%,0.69%,0.11%,0.16%,0.33%,-0.38%,-0.28%,-0.04%
2017-06-26,0.64%,0.29%,-0.79%,0.18%,0.03%,0.87%,0.11%,-0.03%,0.49%
2017-06-27,1.79%,-0.78%,0.01%,0.36%,-0.81%,0.18%,-1.38%,-0.74%,0.46%
2017-06-28,1.41%,-0.19%,0.13%,-0.47%,0.88%,-0.56%,-0.35%,-0.86%,-0.05%
2017-06-29,0.23%,-1.83%,-0.30%,0.45%,-0.86%,0.47%,-0.56%,-0.62%,-0.11%
2017-06-30,1.05%,-0.73%,-0.28%,-0.92%,0.15%,0.14%,0.14%,-0.14%,0.18%
2017-07-03,3.67%,1.22%,1.40%,0.06%,0.23%,0.11%,0.54%,0.69%,0.90%
2017-07-05,-3.67%,0.13%,2.73%,0.25%,0.15%,0.76%,-0.06%,-0.12%,-0.01%
2017-07-06,0.67%,-0.58%,-3.08%,-0.44%,-0.94%,0.17%,-0.62%,-0.27%,-0.04%
2017-07-07,-2.91%,0.06%,-1.11%,-0.32%,0.64%,0.17%,0.19%,0.61%,0.59%
2017-07-10,0.36%,0.46%,0.29%,0.76%,0.09%,-0.17%,0.01%,0.08%,0.13%
2017-07-11,1.37%,-0.07%,0.12%,0.57%,-0.08%,-0.30%,-0.59%,0.26%,-0.09%
2017-07-12,0.46%,1.52%,0.37%,-0.48%,0.73%,-0.17%,0.48%,-0.28%,-0.68%
2017-07-13,1.42%,0.12%,-0.15%,0.01%,0.19%,0.64%,0.13%,-0.41%,0.11%
2017-07-14,1.01%,-0.08%,0.85%,0.09%,0.47%,0.13%,-0.60%,-1.20%,-0.66%
2017-07-17,-1.00%,-0.35%,0.51%,-0.28%,-0.01%,-1.43%,-0.09%,0.31%,0.10%
2017-07-18,0.87%,-1.25%,0.67%,-0.32%,0.06%,0.35%,-0.65%,0.12%,-0.50%
2017-07-19,1.76%,0.17%,0.01%,0.10%,0.54%,1.36%,0.34%,0.16%,-0.10%
2017-07-20,-0.80%,-0.04%,0.29%,0.62%,-0.02%,0.43%,-0.99%,0.36%,-0.05%
2017-07-21,-2.52%,-1.66%,0.76%,-0.22%,-0.04%,-0.21%,-0.27%,-0.18%,-0.71%
2017-07-24,1.12%,-0.25%,-0.03%,0.03%,-0.11%,0.39%,0.17%,-0.26%,-0.01%
2017-07-25,3.29%,0.45%,-0.18%,-0.10%,0.29%,-0.21%,-0.05%,0.04%,0.70%
2017-07-26,1.53%,0.33%,-0.22%,0.48%,0.03%,0.12%,-0.75%,-0.74%,-0.64%
2017-07-27,1.02%,-0.76%,0.85%,0.15%,-0.10%,0.06%,0.49%,0.42%,0.07%
2017-07-28,2.00%,-0.40%,0.70%,-0.60%,-0.13%,0.11%,-0.64%,-0.52%,-0.52%
2017-07-31,0.25%,-0.37%,-0.14%,-0.14%,-0.07%,0.61%,-0.75%,-0.59%,-0.38%
2017-08-01,-1.65%,1.10%,0.47%,0.30%,0.24%,0.60%,0.34%,0.07%,0.10%
2017-08-02,1.12%,-0.57%,3.00%,0.47%,0.05%,-0.23%,-0.46%,-0.13%,0.34%
2017-08-03,-0.67%,-0.22%,-3.28%,-0.25%,-0.22%,-0.37%,-0.12%,0.63%,-0.61%
2017-08-04,0.79%,1.18%,-0.75%,-0.38%,0.19%,-0.33%,0.83%,0.79%,0.58%
2017-08-07,-0.10%,-0.33%,-0.01%,-0.07%,0.16%,0.53%,-0.20%,0.00%,0.05%
2017-08-08,-0.44%,0.28%,-0.14%,-0.30%,-0.24%,0.07%,0.35%,0.35%,-0.40%
2017-08-09,1.07%,-1.12%,1.32%,-1.29%,-0.04%,-0.19%,-0.04%,-0.10%,-0.21%
2017-08-10,-1.52%,-1.15%,0.84%,-0.05%,-1.45%,-0.42%,-0.12%,0.23%,-0.78%
2017-08-14,-2.63%,1.26%,-0.27%,-0.10%,1.00%,0.90%,0.34%,0.36%,0.41%
2017-08-15,0.14%,0.10%,-0.82%,1.11%,-0.05%,0.43%,0.38%,0.74%,0.94%
2017-08-16,-1.04%,0.71%,0.25%,-0.12%,0.14%,-0.15%,-0.27%,-0.18%,-0.43%
2017-08-17,1.51%,-0.49%,0.74%,-0.14%,-1.54%,0.68%,0.36%,0.19%,-0.56%
2017-08-18,3.31%,-0.31%,2.95%,-1.18%,-0.18%,0.01%,-0.32%,-0.06%,-0.35%
2017-08-21,-2.01%,-0.82%,-2.54%,-0.60%,0.12%,0.56%,-0.45%,-0.19%,-0.19%
2017-08-22,0.41%,1.35%,-0.44%,-0.05%,0.99%,0.10%,0.45%,0.61%,0.54%
2017-08-23,1.35%,-0.45%,0.30%,0.26%,-0.35%,-0.08%,-0.39%,0.18%,-0.49%
2017-08-24,-1.01%,0.05%,-0.19%,-0.42%,-0.21%,-0.49%,0.08%,0.00%,0.49%
2017-08-25,0.71%,-0.11%,0.47%,0.51%,0.17%,1.83%,-1.05%,-0.68%,-0.18%
2017-08-28,-0.99%,-0.37%,1.33%,-0.18%,0.05%,0.93%,-0.47%,-0.35%,-0.10%
2017-08-29,0.21%,-1.46%,0.26%,-0.45%,0.08%,0.08%,0.06%,0.10%,0.46%
2017-08-30,-2.19%,0.47%,-0.38%,0.74%,0.46%,-0.05%,0.74%,-0.04%,0.44%
2017-08-31,2.99%,0.44%,3.53%,0.72%,0.57%,-0.08%,-0.21%,-0.04%,-0.24%
2017-09-01,0.71%,0.72%,-2.20%,0.23%,0.20%,0.19%,0.43%,-0.16%,0.27%
2017-09-05,1.99%,0.18%,2.92%,-0.63%,-0.76%,0.14%,-0.14%,-0.78%,-0.85%
2017-09-06,1.54%,0.75%,-3.14%,-0.14%,0.31%,0.03%,-0.04%,-0.08%,0.39%
2017-09-07,0.54%,0.67%,0.84%,0.20%,-0.02%,-0.59%,-0.88%,-0.44%,-0.71%
2017-09-08,-1.30%,0.06%,2.98%,-0.63%,-0.15%,-0.01%,-0.10%,-0.73%,-0.56%
2017-09-11,0.11%,1.39%,-3.91%,0.57%,1.08%,0.33%,0.70%,0.26%,1.46%
2017-09-12,0.80%,0.40%,-0.23%,1.18%,0.34%,0.09%,-0.12%,-0.91%,0.69%
2017-09-13,1.64%,0.23%,-0.35%,0.45%,0.08%,0.14%,0.67%,0.56%,0.28%
2017-09-14,0.56%,-0.10%,3.13%,-0.29%,-0.11%,-0.38%,-0.27%,-1.40%,-0.23%
2017-09-15,0.27%,-0.17%,-3.25%,0.52%,0.18%,-0.53%,-0.19%,-1.43%,0.55%
2017-09-18,-0.25%,0.32%,1.93%,1.09%,0.15%,0.28%,-0.10%,0.73%,0.66%
2017-09-19,-0.61%,0.02%,-2.95%,0.86%,0.11%,-0.18%,-0.35%,-0.12%,0.02%
2017-09-20,2.09%,0.06%,0.44%,0.05%,0.06%,0.27%,0.85%,0.12%,0.56%
2017-09-21,0.25%,0.25%,-1.63%,0.18%,-0.30%,-0.24%,-0.40%,-0.65%,0.22%
2017-09-22,0.76%,-0.06%,0.21%,-0.25%,0.06%,-0.16%,-0.06%,0.65%,-0.44%
2017-09-25,3.80%,0.02%,1.04%,-0.15%,-0.22%,-0.33%,0.85%,0.20%,-0.22%
2017-09-26,-0.98%,0.08%,-0.75%,-0.33%,0.01%,0.06%,0.46%,0.05%,0.45%
2017-09-27,-0.92%,0.41%,2.08%,-0.31%,0.41%,0.05%,0.42%,0.54%,0.53%
2017-09-28,-0.85%,0.37%,0.05%,0.47%,0.12%,-0.17%,-0.35%,-0.41%,-0.43%
2017-09-29,0.23%,0.98%,-3.25%,-0.03%,0.37%,0.28%,-0.24%,0.34%,0.13%
2017-10-10,1.47%,-0.21%,0.69%,0.64%,0.23%,0.26%,-0.56%,-0.47%,-0.20%
2017-10-11,0.58%,0.17%,-0.37%,0.28%,0.18%,0.16%,-0.44%,-0.15%,0.04%
2017-10-12,-1.21%,0.09%,0.58%,0.35%,-0.17%,-0.06%,0.23%,-0.29%,-0.20%
2017-10-13,1.64%,0.07%,0.63%,0.96%,0.09%,0.13%,0.07%,-0.17%,-0.37%
2017-10-16,1.14%,0.09%,3.02%,0.10%,0.18%,-0.36%,0.22%,0.27%,0.30%
2017-10-17,0.10%,-0.07%,-4.31%,0.38%,0.07%,-0.19%,0.26%,0.45%,0.01%
2017-10-18,0.47%,0.37%,-0.24%,0.13%,0.07%,0.29%,-0.18%,-0.11%,0.66%
2017-10-19,-1.58%,-0.41%,0.55%,0.40%,0.03%,-0.34%,-0.54%,0.36%,-0.35%
2017-10-20,0.91%,0.01%,-0.74%,0.04%,0.51%,0.25%,0.56%,-0.24%,0.86%
2017-10-23,-0.66%,0.09%,0.02%,-0.19%,-0.40%,0.06%,0.31%,-0.07%,-0.07%
2017-10-24,1.67%,0.08%,-0.21%,0.50%,0.16%,0.22%,-0.11%,0.48%,0.41%
2017-10-25,0.19%,-0.46%,0.03%,-0.45%,-0.47%,0.26%,-0.42%,-0.97%,-0.13%
2017-10-26,1.47%,1.39%,2.13%,0.15%,0.13%,0.31%,1.38%,0.80%,0.20%
2017-10-27,1.92%,0.64%,0.15%,1.24%,0.81%,0.27%,0.35%,0.24%,-0.25%
2017-10-30,0.76%,0.09%,-2.33%,-0.20%,-0.32%,-0.77%,-0.36%,-0.60%,-0.44%
2017-11-01,-1.43%,1.78%,0.56%,1.86%,0.16%,0.08%,0.23%,0.28%,0.47%
2017-11-02,0.21%,-0.18%,0.06%,0.53%,0.02%,-0.37%,-0.34%,1.43%,-0.07%
2017-11-06,3.54%,-0.07%,1.02%,0.04%,0.13%,0.49%,-0.01%,-0.73%,-0.33%
2017-11-07,-0.90%,-0.66%,2.32%,1.73%,-0.02%,0.75%,0.21%,0.04%,0.28%
2017-11-08,-0.31%,0.02%,-2.10%,-0.10%,0.14%,0.06%,-0.08%,0.38%,-0.12%
2017-11-09,0.69%,-1.49%,0.31%,-0.20%,-0.38%,0.36%,-0.39%,-0.22%,-0.36%
2017-11-10,-0.64%,-0.42%,-1.03%,-0.82%,-0.09%,0.14%,-0.21%,-0.34%,0.05%
2017-11-13,-0.57%,-0.40%,0.39%,-1.32%,0.10%,0.44%,-0.01%,0.57%,0.08%
2017-11-14,-1.50%,-0.31%,0.33%,-0.00%,-0.23%,-0.53%,-1.11%,-0.37%,-0.15%
2017-11-15,-0.55%,-0.44%,-0.39%,-1.57%,-0.55%,-0.79%,0.06%,-0.05%,-0.50%
2017-11-16,-0.82%,0.55%,0.07%,1.47%,0.82%,-0.10%,0.18%,-0.17%,0.16%
2017-11-17,2.22%,-0.41%,1.44%,0.20%,-0.26%,-0.48%,-0.21%,-0.15%,-0.87%
2017-11-20,-0.80%,0.50%,-1.64%,-0.60%,0.13%,0.28%,0.54%,-0.16%,0.48%
2017-11-21,0.56%,0.83%,0.51%,0.70%,0.65%,0.53%,-0.06%,-0.04%,-0.16%
2017-11-22,1.20%,-1.16%,4.06%,0.48%,-0.08%,0.59%,-0.72%,-0.66%,-1.09%
2017-11-24,0.49%,0.39%,2.48%,0.12%,0.21%,0.06%,-0.66%,-0.21%,0.30%
2017-11-27,-0.03%,-0.46%,0.54%,-0.24%,-0.04%,-0.94%,0.27%,0.15%,-0.41%
2017-11-28,-0.36%,0.46%,-2.71%,-0.04%,0.98%,0.34%,0.48%,-0.16%,0.35%
2017-11-29,-0.79%,0.02%,-0.97%,0.49%,-0.04%,0.13%,-0.06%,-0.52%,0.40%
2017-11-30,0.73%,-0.29%,-0.69%,0.57%,0.82%,-0.62%,-0.47%,-0.87%,0.54%
2017-12-01,0.25%,-1.25%,3.25%,0.41%,-0.20%,0.01%,0.11%,0.39%,-0.37%
2017-12-04,-2.01%,1.53%,-3.07%,-0.49%,-0.11%,-0.24%,0.21%,-0.04%,0.28%
2017-12-05,0.66%,-0.08%,1.77%,-0.37%,-0.37%,-0.18%,0.34%,0.27%,0.15%
2017-12-06,-2.61%,-0.38%,-2.63%,-1.97%,-0.01%,-0.29%,0.26%,0.38%,-0.26%
2017-12-07,1.60%,0.36%,2.13%,1.45%,0.29%,-0.67%,0.19%,-0.62%,0.69%
2017-12-08,1.93%,0.83%,-0.38%,1.39%,0.55%,0.55%,0.07%,0.63%,0.35%
2017-12-11,2.03%,-0.23%,-0.10%,0.56%,0.32%,0.98%,-0.04%,0.39%,0.07%
2017-12-12,-2.09%,0.46%,-0.78%,-0.32%,0.15%,-1.25%,0.24%,0.16%,-0.01%
2017-12-13,-1.42%,-0.44%,-2.21%,-0.47%,-0.05%,0.68%,-0.72%,-0.77%,-0.88%
2017-12-14,1.39%,-0.44%,3.88%,-0.28%,-0.41%,-0.32%,0.40%,-0.07%,-0.14%
2017-12-15,-0.13%,0.27%,0.02%,-0.62%,0.90%,-0.80%,0.21%,0.82%,0.17%
2017-12-18,0.28%,1.59%,0.63%,1.55%,0.54%,0.05%,-0.24%,-0.47%,-0.03%
2017-12-19,0.62%,-0.72%,-3.18%,-0.15%,-0.32%,0.88%,-0.49%,-0.01%,0.30%
2017-12-20,1.19%,-1.11%,3.63%,0.10%,-0.08%,-0.27%,-0.26%,0.08%,0.44%
2017-12-21,0.53%,0.31%,0.07%,-0.11%,0.20%,0.38%,-0.02%,-0.08%,-0.05%
2017-12-22,0.54%,-0.28%,0.65%,0.16%,-0.05%,-0.09%,0.13%,0.16%,-0.05%
2017-12-27,-0.87%,-0.02%,0.29%,0.08%,0.08%,-0.92%,-0.26%,-0.17%,0.11%
2017-12-28,0.42%,-0.69%,-2.58%,-0.56%,0.18%,0.63%,-0.44%,-0.33%,-0.41%
2017-12-29,0.22%,-0.48%,4.12%,-0.08%,-0.52%,0.33%,-0.47%,-0.54%,-0.18%
